first_name,last_name,email,Entry Date,Last Opened,Open Rate,Newsletter,Entry Channel,fullName
Chaddy,Smithe,csmithe0@census.gov,2022-01-24,2021-09-23,0.88,the news,GoogleAds,Chaddy Smithe
Shir,Halloran,shalloran1@narod.ru,2021-10-07,2022-01-02,0.02,the bizness,Referral,Shir Halloran
Gusti,Schwanden,gschwanden2@feedburner.com,2022-01-05,2021-08-04,0.81,the champs,Referral,Gusti Schwanden
Ted,Kettles,tkettles3@noaa.gov,2022-05-15,2022-03-15,0.2,the bizness,Referral,Ted Kettles
Virginia,Glencorse,vglencorse4@redcross.org,2022-06-26,2022-02-22,0.99,the news,Referral,Virginia Glencorse
Bruno,Balbeck,bbalbeck5@home.pl,2021-10-19,2021-09-24,0.9,the news,Referral,Bruno Balbeck
Kev,Duncombe,kduncombe6@marketwatch.com,2022-03-05,2022-06-12,0.15,the news,Organic,Kev Duncombe
Cindy,Klimushev,cklimushev8@va.gov,2022-06-15,2021-07-24,0.33,the stories,GoogleAds,Cindy Klimushev
Kelila,Hek,khek9@trellian.com,2022-01-26,2021-12-19,0.98,the news,GoogleAds,Kelila Hek
Shena,Matyushenko,smatyushenkoa@usda.gov,2022-02-05,2022-03-21,0.88,the champs,Insta,Shena Matyushenko
Noland,Mangin,nmanginb@pagesperso-orange.fr,2021-05-08,2022-03-26,0.03,the champs,Insta,Noland Mangin
Gerry,Vezey,gvezeyc@prnewswire.com,2022-01-03,2021-11-10,0.68,the news,GoogleAds,Gerry Vezey
Tiffani,Lambarton,tlambartond@answers.com,2021-01-12,2022-02-10,0.88,the news,Organic,Tiffani Lambarton
Virginia,Hiddersley,vhiddersleye@miibeian.gov.cn,2021-01-12,2022-04-26,0.5700000000000001,the stories,Organic,Virginia Hiddersley
Teddie,Blunsden,tblunsdenf@berkeley.edu,2021-10-26,2022-01-09,0.71,the champs,GoogleAds,Teddie Blunsden
Luke,Agirre,lagirreg@toplist.cz,2021-07-23,2021-06-28,0.54,the bizness,Referral,Luke Agirre
Keenan,Bartol,kbartolh@cocolog-nifty.com,2021-06-07,2022-03-27,0.5700000000000001,the news,Influencer,Keenan Bartol
Franklin,Crallan,fcrallani@chicagotribune.com,2022-02-22,2022-04-07,0.05,the champs,Facebook,Franklin Crallan
Jennica,Scotford,jscotfordj@hhs.gov,2021-08-23,2022-04-10,0.81,the news,Organic,Jennica Scotford
Baryram,Kingscote,bkingscotek@feedburner.com,2021-09-10,2022-03-07,0.30000000000000004,the bizness,Influencer,Baryram Kingscote
Eal,Lyte,elytel@illinois.edu,2022-11-01,2021-11-13,0.74,the news,Referral,Eal Lyte
Ethelred,Delgado,edelgadom@toplist.cz,2022-08-06,2022-03-05,0.4,the bizness,Referral,Ethelred Delgado
Leodora,Kaiser,lkaisern@washington.edu,2022-03-18,2021-07-26,0.34,the bizness,GoogleAds,Leodora Kaiser
Harriott,Kivits,hkivitso@google.co.jp,2021-08-17,2022-01-15,0.2,the champs,GoogleAds,Harriott Kivits
Ilise,Southouse,isouthousep@aol.com,2021-11-16,2021-12-04,0.53,the bizness,Facebook,Ilise Southouse
Katharyn,Roome,kroomeq@un.org,2022-03-23,2022-06-19,0.22,the bizness,Referral,Katharyn Roome
West,Conningham,wconninghamr@princeton.edu,2022-12-06,2022-03-06,0.55,the bizness,Facebook,West Conningham
Valentine,Elliff,velliffs@engadget.com,2021-01-12,2021-11-21,0.18,the champs,Facebook,Valentine Elliff
Worth,Forsyde,wforsydet@freewebs.com,2021-08-17,2021-08-08,0.33,the bizness,Referral,Worth Forsyde
Jeramey,Wolton,jwoltonu@1und1.de,2021-07-28,2021-12-24,1.0,the news,Organic,Jeramey Wolton
Layton,Cohane,lcohanev@sun.com,2022-09-04,2021-12-18,0.96,the champs,Referral,Layton Cohane
Yorker,Lang,ylangw@wufoo.com,2022-06-03,2021-11-20,0.42,the stories,Organic,Yorker Lang
Dorthea,Critten,dcrittenx@goodreads.com,2021-11-07,2021-12-31,0.4,the stories,Insta,Dorthea Critten
Ashleigh,Sighart,asigharty@go.com,2022-03-27,2021-11-10,0.99,the news,Influencer,Ashleigh Sighart
Kristoforo,Toffaloni,ktoffaloniz@youku.com,2022-05-15,2022-04-27,0.16,the champs,Facebook,Kristoforo Toffaloni
Austina,Casey,acasey10@lycos.com,2021-11-19,2021-08-03,0.25,the bizness,Facebook,Austina Casey
Kellyann,Mooreed,kmooreed11@npr.org,2022-03-06,2021-07-30,0.1,the news,Insta,Kellyann Mooreed
Leroi,Thirlwall,lthirlwall12@ebay.com,2022-04-14,2021-11-01,0.29,the news,Facebook,Leroi Thirlwall
Edouard,Mussotti,emussotti13@yellowpages.com,2021-12-17,2021-11-11,0.45,the news,Facebook,Edouard Mussotti
Davon,Lamperti,dlamperti14@istockphoto.com,2021-10-16,2022-04-15,0.48,the champs,Facebook,Davon Lamperti
Gertrude,Lunny,glunny15@bloomberg.com,2021-10-07,2022-05-11,0.44,the bizness,Facebook,Gertrude Lunny
Calypso,Trunby,ctrunby16@ameblo.jp,2021-07-15,2022-05-19,0.38,the stories,Facebook,Calypso Trunby
Georg,Cristol,gcristol17@time.com,2022-03-03,2022-05-02,0.56,the champs,Referral,Georg Cristol
Zeb,Cheeney,zcheeney18@goodreads.com,2022-11-03,2021-11-25,0.36,the news,Organic,Zeb Cheeney
Eugenius,Bengtsson,ebengtsson19@nydailynews.com,2022-05-25,2022-02-25,0.31,the news,Referral,Eugenius Bengtsson
Roi,Morat,rmorat1a@scientificamerican.com,2022-05-23,2022-06-24,0.96,the champs,Insta,Roi Morat
Leonidas,Cauldwell,lcauldwell1b@marriott.com,2021-09-24,2021-09-17,0.24,the champs,Influencer,Leonidas Cauldwell
Lynnea,Landa,llanda1c@cloudflare.com,2022-03-23,2022-04-03,0.06,the champs,Referral,Lynnea Landa
Perceval,Wyllcock,pwyllcock1d@fema.gov,2021-12-15,2021-08-16,0.62,the champs,Referral,Perceval Wyllcock
Natal,Leggett,nleggett1e@google.ca,2022-10-06,2022-06-10,0.37,the bizness,Organic,Natal Leggett
Teodorico,Holbie,tholbie1f@biblegateway.com,2021-03-10,2022-03-02,1.0,the bizness,Insta,Teodorico Holbie
Paola,Brickstock,pbrickstock1g@arizona.edu,2022-02-14,2022-05-11,0.46,the news,Organic,Paola Brickstock
Fritz,Connichie,fconnichie1h@google.com.hk,2022-05-23,2022-02-24,0.08,the champs,GoogleAds,Fritz Connichie
Donal,Darnborough,ddarnborough1i@columbia.edu,2022-02-24,2022-06-05,0.37,the stories,Referral,Donal Darnborough
Bryna,Farriar,bfarriar1j@webeden.co.uk,2021-09-23,2021-08-10,0.44,the champs,Facebook,Bryna Farriar
Orville,Alster,oalster1k@networksolutions.com,2021-09-12,2021-08-30,0.87,the news,Referral,Orville Alster
Bee,Filippov,bfilippov1l@vimeo.com,2021-10-23,2021-09-10,0.88,the news,Organic,Bee Filippov
Elbertina,Havvock,ehavvock1m@state.gov,2021-07-25,2022-01-26,0.31,the champs,Influencer,Elbertina Havvock
Mina,Elletson,melletson1n@paginegialle.it,2022-09-05,2021-08-17,0.06,the bizness,Referral,Mina Elletson
Wilden,Broe,wbroe1o@ucsd.edu,2021-10-07,2021-12-30,0.5,the champs,GoogleAds,Wilden Broe
Cris,Bissett,cbissett1p@ox.ac.uk,2022-11-01,2021-11-17,0.45,the stories,GoogleAds,Cris Bissett
Sidnee,Fright,sfright1q@npr.org,2021-11-22,2021-08-20,0.38,the champs,Referral,Sidnee Fright
Suzy,Augie,saugie1r@merriam-webster.com,2022-11-01,2022-06-26,0.89,the news,Influencer,Suzy Augie
Manon,Beany,mbeany1s@archive.org,2022-05-15,2021-12-24,0.62,the champs,Facebook,Manon Beany
Celesta,Holgan,cholgan1t@aboutads.info,2021-10-14,2022-03-30,0.81,the news,GoogleAds,Celesta Holgan
Dolly,Bosley,dbosley1u@prlog.org,2021-12-20,2022-02-11,0.46,the bizness,Organic,Dolly Bosley
Mufinella,Guerri,mguerri1v@nba.com,2022-06-02,2022-05-28,0.62,the news,Organic,Mufinella Guerri
Linzy,O'Toole,lotoole1w@ihg.com,2022-03-30,2022-05-01,0.78,the stories,Facebook,Linzy O'Toole
Daria,Tomankowski,dtomankowski1x@usda.gov,2022-02-27,2021-11-04,0.98,the bizness,Influencer,Daria Tomankowski
Cherry,Perkin,cperkin1y@omniture.com,2021-12-23,2021-09-14,0.91,the stories,Referral,Cherry Perkin
Elvina,Smalcombe,esmalcombe1z@businessinsider.com,2022-02-15,2021-11-05,0.61,the stories,Facebook,Elvina Smalcombe
Mathe,Tissiman,mtissiman20@sohu.com,2021-11-23,2021-09-28,1.0,the champs,Influencer,Mathe Tissiman
Avril,Lanham,alanham21@oakley.com,2021-06-10,2021-08-16,0.1,the news,Insta,Avril Lanham
Gunar,Windross,gwindross23@prnewswire.com,2021-10-12,2022-05-06,0.97,the bizness,Organic,Gunar Windross
Alec,Verity,averity24@sohu.com,2021-11-08,2021-07-04,0.22,the champs,GoogleAds,Alec Verity
Ker,Ziemens,kziemens25@cnet.com,2021-08-17,2021-12-13,0.52,the champs,Insta,Ker Ziemens
Glennis,Basindale,gbasindale26@google.cn,2021-10-21,2021-07-16,0.46,the stories,Facebook,Glennis Basindale
Kally,Grazier,kgrazier27@digg.com,2022-04-02,2022-04-05,0.29,the bizness,Facebook,Kally Grazier
Alexi,Rashleigh,arashleigh28@amazon.de,2022-10-02,2021-12-04,0.62,the news,Organic,Alexi Rashleigh
Rosmunda,Delahunt,rdelahunt29@irs.gov,2022-04-16,2021-09-20,0.46,the bizness,GoogleAds,Rosmunda Delahunt
Devonne,Umpleby,dumpleby2a@goo.gl,2021-11-11,2022-05-22,0.34,the news,Organic,Devonne Umpleby
Bryant,Smalls,bsmalls2b@china.com.cn,2022-01-26,2021-08-13,0.91,the bizness,Insta,Bryant Smalls
Neilla,Montacute,nmontacute2c@gov.uk,2022-06-01,2022-04-11,0.61,the champs,Facebook,Neilla Montacute
Genny,Peascod,gpeascod2d@imgur.com,2022-06-25,2022-01-27,0.18,the news,Insta,Genny Peascod
Atalanta,Smeeton,asmeeton2e@economist.com,2022-03-30,2021-09-17,0.49,the news,Referral,Atalanta Smeeton
Boony,Bridle,bbridle2f@tinyurl.com,2022-06-01,2022-04-27,0.14,the news,Organic,Boony Bridle
Ruthi,Keedy,rkeedy2g@dagondesign.com,2022-05-14,2022-05-29,0.9400000000000001,the news,Influencer,Ruthi Keedy
Mitch,Bernath,mbernath2h@odnoklassniki.ru,2021-09-30,2022-04-19,0.26,the champs,Facebook,Mitch Bernath
Giffard,Queree,gqueree2i@free.fr,2022-03-17,2022-03-08,0.36,the news,GoogleAds,Giffard Queree
Austina,Rainsdon,arainsdon2j@imdb.com,2021-08-28,2021-07-14,0.62,the bizness,Referral,Austina Rainsdon
Malissa,Comiam,mcomiam2l@creativecommons.org,2022-01-16,2021-10-31,0.2,the news,Facebook,Malissa Comiam
Ursola,Ferrara,uferrara2m@feedburner.com,2021-08-14,2021-08-30,0.37,the news,Facebook,Ursola Ferrara
Jelene,Webburn,jwebburn2n@about.com,2021-11-21,2021-07-04,0.93,the champs,Influencer,Jelene Webburn
Cobbie,Dundendale,cdundendale2o@netvibes.com,2021-11-23,2021-07-29,0.6900000000000001,the champs,Influencer,Cobbie Dundendale
Kareem,Kowalski,kkowalski2p@kickstarter.com,2022-03-13,2021-07-27,0.25,the stories,Insta,Kareem Kowalski
Penelope,Noriega,pnoriega2q@geocities.jp,2021-09-21,2021-10-07,0.9400000000000001,the news,GoogleAds,Penelope Noriega
Zondra,Garwill,zgarwill2r@reference.com,2022-08-02,2021-12-18,0.44,the news,Influencer,Zondra Garwill
Dorolisa,Lembke,dlembke2s@histats.com,2021-07-09,2022-04-10,0.30000000000000004,the bizness,Facebook,Dorolisa Lembke
Mathew,Dufall,mdufall2t@soup.io,2022-03-22,2021-07-17,0.46,the bizness,Influencer,Mathew Dufall
Frazer,Aizik,faizik2u@plala.or.jp,2021-11-16,2022-04-12,0.14,the bizness,Insta,Frazer Aizik
Viole,Menary,vmenary2v@dedecms.com,2021-08-16,2021-10-08,0.48,the bizness,Referral,Viole Menary
Arline,Amerighi,aamerighi2w@yellowpages.com,2021-04-09,2022-03-07,0.45,the bizness,GoogleAds,Arline Amerighi
Aime,Lowing,alowing2x@hexun.com,2022-04-14,2022-04-09,0.47000000000000003,the news,Influencer,Aime Lowing
Zoe,Jakov,zjakov2y@webeden.co.uk,2022-01-29,2021-12-03,0.54,the champs,Facebook,Zoe Jakov
Frasier,Luthwood,fluthwood2z@go.com,2022-03-19,2022-01-13,0.1,the news,Referral,Frasier Luthwood
Christos,Westnage,cwestnage30@list-manage.com,2022-03-20,2021-12-01,0.62,the news,GoogleAds,Christos Westnage
Kyle,Hallows,khallows31@4shared.com,2021-09-13,2021-12-15,0.63,the news,Insta,Kyle Hallows
Philip,Kinney,pkinney32@addthis.com,2022-04-04,2022-06-22,0.25,the news,Influencer,Philip Kinney
Melinde,Delafoy,mdelafoy33@prweb.com,2022-03-13,2021-11-23,0.19,the bizness,GoogleAds,Melinde Delafoy
Cheri,D'eathe,cdeathe34@hatena.ne.jp,2022-01-06,2021-07-08,0.9,the news,Facebook,Cheri D'eathe
Georgie,Fowden,gfowden35@e-recht24.de,2021-12-14,2022-01-28,0.99,the stories,Insta,Georgie Fowden
Chantal,McMackin,cmcmackin36@twitter.com,2022-03-24,2021-08-01,0.19,the news,Organic,Chantal McMackin
Rossie,Antonin,rantonin37@mozilla.org,2021-12-25,2022-04-22,0.06,the bizness,Facebook,Rossie Antonin
Thatch,Agnolo,tagnolo38@spiegel.de,2021-08-09,2021-12-02,0.32,the stories,Insta,Thatch Agnolo
Chane,O'Keeffe,cokeeffe39@hud.gov,2022-06-27,2022-04-12,0.24,the stories,Referral,Chane O'Keeffe
Janene,Molyneux,jmolyneux3a@infoseek.co.jp,2022-09-02,2022-02-06,0.52,the champs,Influencer,Janene Molyneux
Oliy,Labusquiere,olabusquiere3b@reference.com,2021-08-18,2021-12-13,0.27,the stories,GoogleAds,Oliy Labusquiere
Trent,Dilke,tdilke3c@mapy.cz,2021-07-15,2022-06-18,0.8300000000000001,the bizness,Influencer,Trent Dilke
Luci,Blastock,lblastock3d@sohu.com,2021-07-22,2021-07-01,0.43,the news,Organic,Luci Blastock
Maudie,Pieche,mpieche3e@mashable.com,2021-08-08,2022-05-03,0.53,the champs,Referral,Maudie Pieche
Obediah,Androlli,oandrolli3f@youtube.com,2021-01-07,2021-08-30,0.73,the champs,GoogleAds,Obediah Androlli
Eimile,Zouch,ezouch3i@huffingtonpost.com,2022-07-05,2022-06-18,0.49,the champs,GoogleAds,Eimile Zouch
Midge,Beathem,mbeathem3j@1und1.de,2022-04-05,2021-08-21,0.62,the champs,GoogleAds,Midge Beathem
Mariana,Rohlf,mrohlf3k@github.com,2022-03-26,2022-06-10,0.62,the news,Facebook,Mariana Rohlf
Irwinn,Aronstein,iaronstein3m@smugmug.com,2022-09-03,2021-10-20,0.67,the champs,Insta,Irwinn Aronstein
Selena,O'Collopy,socollopy3n@kickstarter.com,2022-09-05,2021-07-15,0.8,the news,GoogleAds,Selena O'Collopy
Carey,Chasemoore,cchasemoore3o@dion.ne.jp,2021-12-09,2021-09-13,0.58,the champs,Organic,Carey Chasemoore
Wilbur,Geely,wgeely3p@acquirethisname.com,2022-11-02,2022-05-21,0.06,the stories,Influencer,Wilbur Geely
Jo-ann,O'Grada,jograda3q@sun.com,2021-08-13,2021-11-09,0.63,the stories,Facebook,Jo-ann O'Grada
Nyssa,Winslade,nwinslade3r@ucsd.edu,2022-06-03,2021-10-24,0.25,the news,Influencer,Nyssa Winslade
Efrem,Caizley,ecaizley3s@adobe.com,2021-07-28,2021-10-04,0.9,the news,Influencer,Efrem Caizley
Lettie,Wake,lwake3t@spotify.com,2022-01-23,2021-09-08,0.77,the bizness,GoogleAds,Lettie Wake
Patrica,Leetham,pleetham3u@so-net.ne.jp,2021-01-07,2021-09-24,0.41000000000000003,the bizness,Organic,Patrica Leetham
Maryl,Pardie,mpardie3v@furl.net,2022-02-02,2022-01-06,0.76,the bizness,GoogleAds,Maryl Pardie
Meredithe,Ferrieroi,mferrieroi3w@noaa.gov,2021-12-20,2022-04-03,0.89,the champs,Facebook,Meredithe Ferrieroi
Maud,Ireson,mireson3x@dyndns.org,2022-02-05,2022-04-25,0.9400000000000001,the stories,Referral,Maud Ireson
Angele,Wixon,awixon3y@salon.com,2022-03-06,2021-07-25,0.35000000000000003,the news,Referral,Angele Wixon
Isaac,Dorkens,idorkens3z@list-manage.com,2022-11-06,2022-04-16,0.88,the news,Influencer,Isaac Dorkens
Genni,Vero,gvero40@istockphoto.com,2022-05-25,2022-02-25,0.11,the news,Organic,Genni Vero
Faustine,Gemelli,fgemelli42@omniture.com,2021-11-28,2022-01-04,0.06,the champs,GoogleAds,Faustine Gemelli
Tobe,Pedgrift,tpedgrift44@wikispaces.com,2022-12-03,2021-09-25,0.4,the bizness,Referral,Tobe Pedgrift
Beulah,Duplain,bduplain45@diigo.com,2021-08-31,2022-01-11,0.9,the champs,Facebook,Beulah Duplain
Bryn,Wintersgill,bwintersgill46@uol.com.br,2021-04-11,2021-08-08,0.6900000000000001,the news,Referral,Bryn Wintersgill
Cam,Fetterplace,cfetterplace47@discuz.net,2022-06-26,2021-12-08,0.48,the bizness,GoogleAds,Cam Fetterplace
Austin,Cotman,acotman48@paginegialle.it,2021-07-11,2022-01-07,0.09,the bizness,Facebook,Austin Cotman
Gertruda,Stamp,gstamp49@mac.com,2022-02-05,2021-08-14,0.07,the bizness,Influencer,Gertruda Stamp
Steward,Willeson,swilleson4a@acquirethisname.com,2021-08-22,2022-06-14,0.12,the bizness,Referral,Steward Willeson
Tallie,Cutajar,tcutajar4b@businessinsider.com,2021-09-27,2022-02-24,0.8300000000000001,the news,Referral,Tallie Cutajar
Lief,Dilgarno,ldilgarno4d@scribd.com,2022-05-29,2022-02-11,0.44,the news,Influencer,Lief Dilgarno
Philippine,Lindenbluth,plindenbluth4e@wp.com,2022-04-14,2022-02-04,0.53,the news,GoogleAds,Philippine Lindenbluth
Kerstin,McQuode,kmcquode4g@symantec.com,2022-04-17,2021-12-18,0.51,the news,Influencer,Kerstin McQuode
Samantha,Matushenko,smatushenko4h@hud.gov,2022-02-23,2021-12-22,0.9400000000000001,the news,Referral,Samantha Matushenko
Adena,Michin,amichin4i@youku.com,2021-07-14,2021-10-03,0.29,the champs,Referral,Adena Michin
Ogdon,Kiffe,okiffe4k@booking.com,2021-06-12,2021-12-28,0.43,the news,GoogleAds,Ogdon Kiffe
Cristie,Hedney,chedney4m@livejournal.com,2021-04-08,2022-03-25,0.53,the bizness,Referral,Cristie Hedney
Amandy,Iorillo,aiorillo4n@360.cn,2021-08-18,2021-08-03,0.56,the bizness,GoogleAds,Amandy Iorillo
Leif,Charity,lcharity4o@webnode.com,2021-07-09,2022-01-04,0.61,the bizness,Facebook,Leif Charity
Ivor,Ort,iort4p@lycos.com,2021-11-25,2022-04-20,0.65,the news,Insta,Ivor Ort
Vinson,Wemyss,vwemyss4q@imgur.com,2022-01-30,2021-12-14,0.79,the bizness,Facebook,Vinson Wemyss
Sibbie,Campany,scampany4r@alibaba.com,2021-09-20,2022-05-13,0.51,the news,Referral,Sibbie Campany
Augustine,Furnell,afurnell4s@mapquest.com,2021-08-30,2021-10-23,0.37,the news,Facebook,Augustine Furnell
Harlen,Kindred,hkindred4t@dailymail.co.uk,2022-02-23,2022-06-07,0.18,the stories,Organic,Harlen Kindred
Bevin,Canada,bcanada4v@i2i.jp,2021-12-07,2022-03-12,0.65,the bizness,Facebook,Bevin Canada
Urbain,Debling,udebling4w@about.me,2021-06-29,2022-04-30,0.6000000000000001,the stories,Organic,Urbain Debling
Farrah,Fitzjohn,ffitzjohn4x@imageshack.us,2021-08-24,2022-01-15,0.75,the bizness,Insta,Farrah Fitzjohn
Joby,Karlolczak,jkarlolczak4y@yolasite.com,2021-03-11,2022-02-11,0.88,the news,Insta,Joby Karlolczak
Saloma,Stimson,sstimson4z@apache.org,2021-09-29,2022-01-14,0.12,the champs,GoogleAds,Saloma Stimson
Ruttger,O'Gormally,rogormally50@walmart.com,2022-05-02,2021-12-18,0.96,the champs,Facebook,Ruttger O'Gormally
Ivette,Pennuzzi,ipennuzzi51@odnoklassniki.ru,2022-05-31,2021-07-19,0.32,the news,Influencer,Ivette Pennuzzi
Donovan,Maddick,dmaddick53@uol.com.br,2021-05-10,2022-03-23,0.06,the news,Organic,Donovan Maddick
Chrisy,Duckels,cduckels54@wikispaces.com,2022-01-14,2022-02-24,0.21,the champs,Organic,Chrisy Duckels
Efrem,Frichley,efrichley55@gnu.org,2021-10-22,2022-02-03,0.08,the stories,Facebook,Efrem Frichley
Doralia,Checo,dcheco56@shop-pro.jp,2021-10-27,2022-02-09,0.16,the champs,Organic,Doralia Checo
Reynold,Robbings,rrobbings57@xrea.com,2021-07-13,2021-11-12,0.31,the champs,Facebook,Reynold Robbings
Mureil,Lanchberry,mlanchberry58@ocn.ne.jp,2022-01-29,2021-12-02,0.48,the bizness,Insta,Mureil Lanchberry
Magdaia,Cowlishaw,mcowlishaw59@economist.com,2022-05-15,2021-07-04,0.9,the news,Referral,Magdaia Cowlishaw
Skylar,McLise,smclise5a@mtv.com,2022-09-03,2021-10-20,0.44,the bizness,Influencer,Skylar McLise
Odilia,Pouton,opouton5b@pinterest.com,2022-01-04,2022-05-31,0.63,the stories,Referral,Odilia Pouton
Erwin,Kinnin,ekinnin5c@japanpost.jp,2021-09-29,2022-06-23,1.0,the champs,Insta,Erwin Kinnin
Ammamaria,Meddings,ameddings5d@census.gov,2021-06-12,2022-01-15,0.22,the news,Facebook,Ammamaria Meddings
Jillian,Scatchard,jscatchard5e@google.ca,2022-06-19,2022-03-19,0.17,the bizness,Influencer,Jillian Scatchard
Cheri,Bubb,cbubb5f@comcast.net,2021-11-27,2021-11-25,0.53,the news,Organic,Cheri Bubb
Nadia,Yerrall,nyerrall5g@globo.com,2022-01-15,2022-02-07,0.91,the champs,Influencer,Nadia Yerrall
Jazmin,Scoffins,jscoffins5h@nyu.edu,2021-10-16,2021-07-02,0.91,the champs,Referral,Jazmin Scoffins
Keri,Berrisford,kberrisford5i@msn.com,2022-01-25,2022-03-15,0.01,the news,Facebook,Keri Berrisford
Adriane,O'Growgane,aogrowgane5j@mapy.cz,2022-02-05,2021-10-10,0.54,the bizness,Influencer,Adriane O'Growgane
Zacherie,Abramowsky,zabramowsky5k@infoseek.co.jp,2022-05-25,2021-12-01,0.21,the champs,Insta,Zacherie Abramowsky
Sigvard,Alastair,salastair5l@reference.com,2021-09-09,2021-07-04,0.5700000000000001,the bizness,GoogleAds,Sigvard Alastair
Alina,Hellwing,ahellwing5m@unesco.org,2022-05-19,2021-09-24,0.86,the champs,Influencer,Alina Hellwing
Suzanna,Elleton,selleton5n@cdc.gov,2022-11-05,2021-07-29,0.76,the stories,Facebook,Suzanna Elleton
Franni,Hutchings,fhutchings5o@t.co,2022-03-30,2022-05-21,0.53,the champs,Facebook,Franni Hutchings
Isaac,Franzotto,ifranzotto5p@storify.com,2022-06-27,2022-04-13,0.18,the bizness,Facebook,Isaac Franzotto
Ciel,Balding,cbalding5q@patch.com,2022-01-30,2022-04-04,0.39,the news,GoogleAds,Ciel Balding
Karoline,Rayner,krayner5r@moonfruit.com,2022-04-28,2021-12-30,0.27,the news,Organic,Karoline Rayner
Humbert,O'Lunny,holunny5s@guardian.co.uk,2021-09-20,2022-05-18,0.35000000000000003,the news,Influencer,Humbert O'Lunny
Ky,Fosserd,kfosserd5t@hexun.com,2021-08-19,2021-09-04,0.35000000000000003,the news,Referral,Ky Fosserd
Pearline,Richter,prichter5u@bigcartel.com,2021-08-27,2022-01-13,0.89,the news,Referral,Pearline Richter
Rance,Middle,rmiddle5v@spotify.com,2021-12-25,2021-07-15,0.84,the news,Insta,Rance Middle
Bellanca,Whitelaw,bwhitelaw5w@ocn.ne.jp,2022-11-01,2021-12-09,0.38,the stories,Organic,Bellanca Whitelaw
Roseanna,Kitcat,rkitcat5x@omniture.com,2022-05-01,2021-12-12,0.74,the champs,Influencer,Roseanna Kitcat
Larry,Gurr,lgurr5y@amazon.de,2021-07-11,2021-10-05,0.75,the news,Referral,Larry Gurr
Rayna,Smiths,rsmiths5z@indiatimes.com,2021-03-08,2021-09-29,0.46,the stories,Organic,Rayna Smiths
Andres,Kochel,akochel61@sohu.com,2021-11-24,2021-08-29,0.81,the bizness,Influencer,Andres Kochel
Cchaddie,Liddle,cliddle62@uol.com.br,2021-04-08,2022-03-16,0.87,the bizness,Organic,Cchaddie Liddle
Parry,Demanche,pdemanche63@admin.ch,2021-07-17,2022-01-04,0.03,the champs,Organic,Parry Demanche
Germayne,O'Finan,gofinan64@youtu.be,2021-12-27,2021-09-17,0.87,the champs,GoogleAds,Germayne O'Finan
Morty,Cazin,mcazin65@hhs.gov,2021-10-25,2022-04-21,0.48,the bizness,Organic,Morty Cazin
Aggie,Hanrott,ahanrott66@fastcompany.com,2022-01-03,2021-07-07,0.2,the news,Referral,Aggie Hanrott
Ardeen,Hoyles,ahoyles67@nsw.gov.au,2022-12-06,2021-10-01,0.54,the champs,GoogleAds,Ardeen Hoyles
Frederick,Brome,fbrome68@goodreads.com,2022-08-02,2022-02-17,0.51,the champs,Insta,Frederick Brome
Pam,Erb,perb69@artisteer.com,2022-01-19,2022-05-21,0.24,the news,Organic,Pam Erb
Ambrosius,Mewes,amewes6a@bing.com,2022-04-19,2021-09-08,0.66,the bizness,Influencer,Ambrosius Mewes
Lin,Varne,lvarne6c@mashable.com,2022-01-03,2021-07-14,0.59,the news,Influencer,Lin Varne
Carce,Vittle,cvittle6e@yelp.com,2021-10-29,2021-12-23,0.24,the news,Organic,Carce Vittle
Daisey,O'Shirine,doshirine6f@privacy.gov.au,2022-04-24,2022-05-08,0.28,the champs,Influencer,Daisey O'Shirine
Milzie,Doge,mdoge6g@1688.com,2021-11-08,2022-06-18,0.9500000000000001,the news,Influencer,Milzie Doge
Glynis,Catherine,gcatherine6i@mozilla.com,2021-07-31,2021-11-04,0.74,the news,Insta,Glynis Catherine
Sal,McCrisken,smccrisken6j@ted.com,2021-12-10,2021-07-16,0.61,the news,Insta,Sal McCrisken
Barnett,Rydzynski,brydzynski6k@usda.gov,2022-03-27,2021-07-02,0.97,the news,Referral,Barnett Rydzynski
Marcelo,Dewdney,mdewdney6l@last.fm,2022-04-13,2022-02-06,0.34,the champs,Organic,Marcelo Dewdney
Kane,Rigg,krigg6m@theglobeandmail.com,2022-07-04,2022-06-01,0.08,the news,GoogleAds,Kane Rigg
Marlin,Penquet,mpenquet6n@example.com,2021-12-15,2022-06-24,0.26,the bizness,Influencer,Marlin Penquet
Alana,Maudling,amaudling6o@ebay.com,2022-07-02,2022-03-11,0.68,the bizness,Referral,Alana Maudling
Lynette,Cannon,lcannon6p@upenn.edu,2022-06-21,2022-04-19,0.74,the news,Organic,Lynette Cannon
Brander,Seccombe,bseccombe6q@nsw.gov.au,2022-10-06,2022-03-17,0.6900000000000001,the stories,Facebook,Brander Seccombe
Caren,Kumar,ckumar6r@blogtalkradio.com,2021-08-14,2022-02-08,0.14,the bizness,Facebook,Caren Kumar
Jerrie,Lyne,jlyne6s@ezinearticles.com,2021-12-20,2021-07-14,0.09,the stories,Facebook,Jerrie Lyne
Norbie,Merman,nmerman6t@imgur.com,2021-12-27,2021-11-03,0.8200000000000001,the news,Facebook,Norbie Merman
Aldric,Wondraschek,awondraschek6u@hibu.com,2022-05-06,2021-11-12,0.37,the bizness,GoogleAds,Aldric Wondraschek
Naoma,Fawlks,nfawlks6v@fc2.com,2021-12-07,2021-12-30,0.09,the champs,Influencer,Naoma Fawlks
Randolph,Pendleton,rpendleton6w@whitehouse.gov,2022-02-26,2021-07-26,0.15,the news,Facebook,Randolph Pendleton
Maurita,Reavell,mreavell6y@geocities.jp,2021-09-19,2022-06-13,0.33,the champs,Insta,Maurita Reavell
Dennie,Ishchenko,dishchenko70@nationalgeographic.com,2022-04-14,2021-10-14,0.59,the news,Facebook,Dennie Ishchenko
Kelsi,Muckloe,kmuckloe71@globo.com,2022-03-17,2021-09-06,0.45,the champs,GoogleAds,Kelsi Muckloe
Devora,Terne,dterne72@google.cn,2021-07-18,2022-03-09,0.11,the bizness,Insta,Devora Terne
Anatol,Andrysiak,aandrysiak73@vinaora.com,2021-10-12,2021-10-17,0.51,the bizness,Insta,Anatol Andrysiak
Mireille,Ancliff,mancliff74@blog.com,2021-08-19,2021-07-06,0.04,the stories,Influencer,Mireille Ancliff
Jeffrey,Airds,jairds75@tinypic.com,2021-06-30,2021-08-05,0.05,the news,Facebook,Jeffrey Airds
Meryl,Coveley,mcoveley76@prnewswire.com,2022-07-02,2022-04-26,0.59,the champs,Organic,Meryl Coveley
Clint,Keogh,ckeogh77@va.gov,2022-03-31,2021-12-17,0.79,the news,Facebook,Clint Keogh
Alvis,Garnsey,agarnsey78@godaddy.com,2021-08-17,2021-09-08,0.51,the champs,Influencer,Alvis Garnsey
Cordell,Polak,cpolak79@auda.org.au,2022-02-23,2021-10-17,0.9500000000000001,the champs,Insta,Cordell Polak
Sari,Morpeth,smorpeth7a@pagesperso-orange.fr,2021-11-19,2022-02-20,0.39,the bizness,GoogleAds,Sari Morpeth
Kevan,Sutehall,ksutehall7b@sun.com,2022-05-25,2022-02-02,0.37,the champs,Insta,Kevan Sutehall
Fayina,Smillie,fsmillie7d@ycombinator.com,2022-02-20,2021-10-31,0.61,the champs,GoogleAds,Fayina Smillie
Caresa,Britcher,cbritcher7g@phpbb.com,2021-11-08,2021-07-05,0.08,the bizness,Organic,Caresa Britcher
Margarethe,Rowsel,mrowsel7i@facebook.com,2021-07-25,2021-12-19,0.4,the stories,Referral,Margarethe Rowsel
Tuck,McVey,tmcvey7j@merriam-webster.com,2021-10-19,2022-01-06,0.17,the news,Facebook,Tuck McVey
Rodrigo,Matkin,rmatkin7k@bing.com,2022-06-23,2021-10-30,0.15,the bizness,Insta,Rodrigo Matkin
Clay,Pindred,cpindred7l@va.gov,2022-02-15,2022-05-27,0.33,the bizness,Organic,Clay Pindred
Elli,Marsters,emarsters7n@123-reg.co.uk,2021-10-23,2022-06-25,0.01,the stories,Insta,Elli Marsters
Alden,McKeever,amckeever7o@economist.com,2022-10-01,2022-01-26,0.51,the bizness,Organic,Alden McKeever
Claudetta,Rontree,crontree7p@google.ru,2022-03-18,2022-04-07,0.59,the news,Insta,Claudetta Rontree
Katya,Nangle,knangle7q@buzzfeed.com,2021-08-29,2022-06-18,0.35000000000000003,the news,GoogleAds,Katya Nangle
Else,Martinetto,emartinetto7r@deviantart.com,2022-01-31,2022-04-04,0.15,the bizness,GoogleAds,Else Martinetto
Dalis,Knowles,dknowles7s@vistaprint.com,2021-07-18,2021-10-14,0.6000000000000001,the news,Organic,Dalis Knowles
Cassy,Kleinberer,ckleinberer7t@icq.com,2021-04-08,2021-09-03,0.8300000000000001,the news,Facebook,Cassy Kleinberer
Sylas,Lammerts,slammerts7u@fda.gov,2022-09-03,2022-01-29,0.62,the news,Organic,Sylas Lammerts
Jo,Warrick,jwarrick7v@nhs.uk,2021-07-25,2022-02-04,0.17,the news,Referral,Jo Warrick
Ellie,Brenard,ebrenard7w@people.com.cn,2022-03-16,2022-04-03,0.5700000000000001,the news,Facebook,Ellie Brenard
Connie,Dougharty,cdougharty7x@jugem.jp,2021-11-27,2021-10-30,0.91,the news,Referral,Connie Dougharty
Dasi,Collcott,dcollcott7y@tuttocitta.it,2021-08-11,2022-03-18,0.84,the news,Influencer,Dasi Collcott
Colas,Depport,cdepport7z@oracle.com,2021-12-22,2021-10-10,0.02,the news,Insta,Colas Depport
Bud,Paskins,bpaskins80@bluehost.com,2021-03-08,2022-05-25,0.84,the bizness,Organic,Bud Paskins
Atlante,Hunton,ahunton81@accuweather.com,2022-05-04,2022-05-27,0.39,the champs,Organic,Atlante Hunton
Bartram,Sparway,bsparway82@google.nl,2022-04-14,2022-01-10,0.04,the champs,Influencer,Bartram Sparway
Adelind,Ockendon,aockendon83@umich.edu,2022-06-03,2022-01-17,0.36,the champs,Referral,Adelind Ockendon
Gaylord,Nana,gnana84@cloudflare.com,2021-06-30,2022-06-05,0.18,the champs,Organic,Gaylord Nana
Odilia,Empringham,oempringham85@dagondesign.com,2022-01-23,2021-12-07,0.5700000000000001,the news,Influencer,Odilia Empringham
Tom,Lundberg,tlundberg86@narod.ru,2022-04-01,2021-08-10,0.35000000000000003,the champs,Insta,Tom Lundberg
Minta,Postles,mpostles87@tiny.cc,2021-06-30,2022-01-01,0.28,the champs,Influencer,Minta Postles
Barth,Cuttings,bcuttings88@360.cn,2021-11-14,2022-05-20,0.81,the bizness,Facebook,Barth Cuttings
Durward,Ismay,dismay89@example.com,2022-02-23,2022-01-31,0.11,the news,Referral,Durward Ismay
Dwight,Jaycock,djaycock8a@ca.gov,2021-07-21,2022-06-11,0.29,the news,Insta,Dwight Jaycock
Estevan,Jumeau,ejumeau8c@reddit.com,2021-08-07,2022-05-31,0.92,the news,Facebook,Estevan Jumeau
Shem,Hynam,shynam8d@woothemes.com,2021-06-28,2021-07-03,0.58,the stories,Organic,Shem Hynam
Kermy,Corlett,kcorlett8e@java.com,2022-04-26,2021-08-09,0.28,the bizness,Facebook,Kermy Corlett
Corina,Howard,choward8f@mashable.com,2021-11-28,2022-02-01,0.73,the bizness,GoogleAds,Corina Howard
Darcey,Blissett,dblissett8g@fda.gov,2022-05-02,2022-04-11,0.39,the news,Facebook,Darcey Blissett
Raynor,Gibbs,rgibbs8h@amazon.de,2021-08-14,2022-06-24,0.43,the news,Insta,Raynor Gibbs
Silvain,Buckeridge,sbuckeridge8j@wikipedia.org,2021-07-26,2022-06-11,0.67,the champs,Organic,Silvain Buckeridge
Morris,Sinott,msinott8k@dyndns.org,2021-11-17,2021-07-12,0.55,the news,Influencer,Morris Sinott
Gustav,Saywell,gsaywell8l@forbes.com,2021-12-30,2021-11-29,0.17,the champs,GoogleAds,Gustav Saywell
Silvano,Starzaker,sstarzaker8m@psu.edu,2021-10-15,2022-05-09,0.25,the news,Insta,Silvano Starzaker
Halette,Caras,hcaras8n@harvard.edu,2021-08-26,2022-03-17,0.54,the bizness,Organic,Halette Caras
Leshia,Costerd,lcosterd8o@themeforest.net,2022-06-23,2021-10-06,0.43,the news,GoogleAds,Leshia Costerd
Jaclyn,Kitcatt,jkitcatt8p@etsy.com,2022-12-04,2021-09-22,0.72,the stories,Influencer,Jaclyn Kitcatt
Dorri,Leggott,dleggott8q@webnode.com,2022-07-01,2021-07-21,0.77,the bizness,GoogleAds,Dorri Leggott
Mortimer,Pay,mpay8r@constantcontact.com,2022-07-05,2021-11-16,0.07,the news,Organic,Mortimer Pay
Lisha,Deekes,ldeekes8s@pagesperso-orange.fr,2021-08-19,2021-12-12,0.67,the champs,Referral,Lisha Deekes
Angelina,Noone,anoone8t@abc.net.au,2022-06-13,2022-05-05,0.59,the news,Facebook,Angelina Noone
Armstrong,McClean,amcclean8v@ocn.ne.jp,2021-08-21,2022-03-12,0.98,the bizness,Insta,Armstrong McClean
Kerrie,Skey,kskey8w@vk.com,2022-01-05,2022-01-12,0.78,the news,Facebook,Kerrie Skey
Jeanie,Woollard,jwoollard8x@businesswire.com,2022-05-30,2021-12-18,1.0,the stories,Facebook,Jeanie Woollard
Niki,Heinert,nheinert8y@umich.edu,2021-10-21,2021-07-28,0.5,the champs,Organic,Niki Heinert
Ophelia,Simanek,osimanek8z@tinypic.com,2021-05-12,2022-05-30,0.93,the news,Facebook,Ophelia Simanek
Hedi,De Morena,hdemorena90@cmu.edu,2022-02-17,2021-11-17,0.58,the news,Influencer,Hedi De Morena
Julee,Blabber,jblabber91@go.com,2021-08-07,2021-08-14,0.9,the bizness,Organic,Julee Blabber
Bobbye,Woodroffe,bwoodroffe94@ask.com,2022-01-31,2021-09-19,0.46,the champs,Facebook,Bobbye Woodroffe
Demetris,Piatkowski,dpiatkowski96@jigsy.com,2021-10-18,2021-11-14,0.55,the bizness,Organic,Demetris Piatkowski
Florette,McRavey,fmcravey97@liveinternet.ru,2021-07-26,2022-03-16,0.30000000000000004,the champs,Facebook,Florette McRavey
Gwen,Kaine,gkaine98@addthis.com,2022-01-13,2022-02-10,0.9500000000000001,the bizness,Influencer,Gwen Kaine
Brewster,Maloney,bmaloney99@linkedin.com,2021-11-15,2021-08-20,0.09,the bizness,Organic,Brewster Maloney
Elvira,Melton,emelton9a@w3.org,2022-03-20,2022-06-23,0.89,the bizness,Insta,Elvira Melton
Dorey,Gillimgham,dgillimgham9b@google.nl,2021-10-16,2021-09-20,0.88,the news,Facebook,Dorey Gillimgham
Miranda,Henrichsen,mhenrichsen9c@sina.com.cn,2022-04-18,2022-02-20,1.0,the bizness,Facebook,Miranda Henrichsen
Bill,Grishagin,bgrishagin9d@myspace.com,2022-05-15,2021-08-03,0.17,the stories,Influencer,Bill Grishagin
Benji,Searson,bsearson9e@addthis.com,2022-09-06,2021-10-07,0.15,the news,Organic,Benji Searson
Raquel,Stonestreet,rstonestreet9f@flavors.me,2021-09-17,2022-06-12,0.86,the champs,Facebook,Raquel Stonestreet
Pennie,McGerr,pmcgerr9g@walmart.com,2021-07-16,2021-07-18,0.21,the bizness,Referral,Pennie McGerr
Ofelia,Chastand,ochastand9i@fema.gov,2022-06-16,2021-09-08,0.17,the news,Insta,Ofelia Chastand
Cyrille,Ausello,causello9j@google.ca,2021-05-09,2021-10-21,0.36,the bizness,Facebook,Cyrille Ausello
Alistair,Lindenblatt,alindenblatt9k@mediafire.com,2022-04-26,2022-05-29,0.07,the bizness,GoogleAds,Alistair Lindenblatt
Durant,Whittlesea,dwhittlesea9l@vinaora.com,2021-10-24,2022-04-17,0.73,the champs,Insta,Durant Whittlesea
Wilmette,Devita,wdevita9m@edublogs.org,2021-10-19,2022-01-02,0.75,the stories,Referral,Wilmette Devita
Kevina,Haythorne,khaythorne9n@merriam-webster.com,2021-07-29,2022-06-25,0.99,the news,Facebook,Kevina Haythorne
Perrine,Eslinger,peslinger9o@nymag.com,2021-03-10,2022-04-14,0.65,the stories,Facebook,Perrine Eslinger
Nyssa,Tunna,ntunna9p@reddit.com,2022-04-28,2022-06-20,0.21,the bizness,Organic,Nyssa Tunna
Sydney,Chaperlin,schaperlin9r@bbb.org,2021-09-27,2022-03-23,0.42,the stories,Insta,Sydney Chaperlin
Annie,McLean,amclean9s@usa.gov,2021-06-07,2021-08-15,0.23,the champs,Insta,Annie McLean
Tab,Hatley,thatley9t@cbsnews.com,2021-11-18,2021-07-05,0.67,the champs,Insta,Tab Hatley
Abner,Rykert,arykert9u@pen.io,2021-08-26,2021-07-26,0.61,the news,Insta,Abner Rykert
Prent,Uden,puden9v@paypal.com,2022-01-16,2022-01-22,0.42,the champs,Insta,Prent Uden
Inger,Bodill,ibodill9x@example.com,2021-11-26,2022-03-27,0.27,the stories,Organic,Inger Bodill
Rosabel,Powton,rpowton9y@chicagotribune.com,2022-02-03,2021-10-23,0.97,the stories,Referral,Rosabel Powton
Melesa,Messam,mmessam9z@berkeley.edu,2022-12-06,2021-09-05,0.6000000000000001,the champs,Organic,Melesa Messam
Neil,Whisker,nwhiskera0@unblog.fr,2022-04-16,2021-09-05,0.48,the news,Facebook,Neil Whisker
Demetria,Franceschelli,dfranceschellia1@wikipedia.org,2021-08-29,2021-09-24,0.18,the news,Referral,Demetria Franceschelli
Price,Matveiko,pmatveikoa2@dot.gov,2022-08-03,2021-12-12,0.43,the champs,Facebook,Price Matveiko
Martita,Singers,msingersa3@prnewswire.com,2021-07-23,2022-04-13,0.68,the bizness,GoogleAds,Martita Singers
Lyndel,Bane,lbanea4@fastcompany.com,2021-10-26,2021-09-18,0.38,the news,Organic,Lyndel Bane
Tammi,Bartaloni,tbartalonia5@symantec.com,2022-03-30,2021-09-25,0.32,the news,Organic,Tammi Bartaloni
Tobe,Stallwood,tstallwooda6@howstuffworks.com,2021-03-08,2021-08-18,0.2,the champs,Influencer,Tobe Stallwood
Kurt,Boyce,kboycea8@quantcast.com,2021-07-21,2022-04-20,0.62,the champs,Organic,Kurt Boyce
Vinnie,Crimes,vcrimesa9@scribd.com,2022-04-04,2021-11-12,0.45,the bizness,Referral,Vinnie Crimes
Katrinka,Titterell,ktitterellaa@boston.com,2021-04-09,2021-07-19,0.64,the news,Organic,Katrinka Titterell
Reid,Bruntje,rbruntjeab@google.co.jp,2022-02-05,2021-07-19,0.49,the champs,Influencer,Reid Bruntje
Dorree,Stitson,dstitsonac@constantcontact.com,2022-10-04,2021-10-27,0.04,the champs,Referral,Dorree Stitson
Dwain,McCrackan,dmccrackanad@sohu.com,2021-07-13,2021-08-29,0.87,the champs,Insta,Dwain McCrackan
Traci,Teal,ttealae@dropbox.com,2022-07-02,2021-09-23,0.76,the news,GoogleAds,Traci Teal
Brnaby,Mallalieu,bmallalieuaf@tinyurl.com,2021-09-10,2021-12-18,0.03,the news,Insta,Brnaby Mallalieu
Gerta,Addams,gaddamsag@nyu.edu,2021-11-23,2022-03-28,0.71,the bizness,Facebook,Gerta Addams
Chucho,Landeaux,clandeauxah@home.pl,2022-05-18,2021-11-17,0.42,the news,GoogleAds,Chucho Landeaux
Artie,Bradie,abradieai@virginia.edu,2021-11-10,2022-03-06,0.92,the news,Influencer,Artie Bradie
Abagail,Gayforth,agayforthaj@godaddy.com,2022-01-01,2022-02-28,0.1,the news,Facebook,Abagail Gayforth
Brandice,Gorst,bgorstak@trellian.com,2021-09-29,2021-07-09,0.5,the bizness,GoogleAds,Brandice Gorst
Tisha,Ogilvie,togilvieal@washington.edu,2022-10-03,2021-09-18,0.8,the news,Influencer,Tisha Ogilvie
Teddi,MacPharlain,tmacpharlainam@patch.com,2022-04-24,2021-07-14,0.63,the champs,Referral,Teddi MacPharlain
Dallon,Lampen,dlampenao@sogou.com,2022-02-19,2022-06-16,0.79,the news,Referral,Dallon Lampen
Dari,Newns,dnewnsap@illinois.edu,2022-04-03,2022-02-03,0.5,the champs,Insta,Dari Newns
Fernande,O'Sheils,fosheilsaq@slate.com,2021-07-30,2022-02-17,0.23,the bizness,Organic,Fernande O'Sheils
Raimundo,Goldring,rgoldringas@bravesites.com,2021-09-11,2021-12-18,0.77,the champs,Insta,Raimundo Goldring
Brigitte,Goodridge,bgoodridgeat@illinois.edu,2021-11-23,2021-08-30,0.7000000000000001,the news,Influencer,Brigitte Goodridge
Lorianna,Ainsworth,lainsworthau@cbc.ca,2021-07-19,2021-11-27,0.35000000000000003,the stories,Referral,Lorianna Ainsworth
Darby,Consterdine,dconsterdineav@typepad.com,2022-01-19,2021-12-25,0.17,the news,Facebook,Darby Consterdine
Phillip,Rolin,prolinaw@prweb.com,2021-03-08,2022-05-02,0.59,the stories,Insta,Phillip Rolin
Car,Dawkins,cdawkinsax@dailymotion.com,2022-04-26,2022-01-08,0.9,the stories,GoogleAds,Car Dawkins
Napoleon,Hedden,nheddenaz@jigsy.com,2022-01-05,2021-06-30,0.49,the news,Referral,Napoleon Hedden
Micheil,Audritt,maudrittb0@google.ru,2021-09-21,2021-08-29,0.01,the news,GoogleAds,Micheil Audritt
Stormie,Blay,sblayb1@xing.com,2021-03-12,2021-09-22,0.79,the bizness,GoogleAds,Stormie Blay
Odetta,Rey,oreyb3@who.int,2021-09-07,2021-11-25,0.78,the stories,Referral,Odetta Rey
Gerrilee,Croad,gcroadb4@godaddy.com,2021-11-10,2022-06-08,0.05,the news,Insta,Gerrilee Croad
Bard,Dimitrijevic,bdimitrijevicb6@usnews.com,2022-05-17,2022-01-24,0.29,the champs,Facebook,Bard Dimitrijevic
Norean,Laister,nlaisterb7@furl.net,2022-01-19,2022-02-12,0.19,the champs,Organic,Norean Laister
Merilee,Illing,millingb8@nasa.gov,2021-11-09,2021-11-30,0.32,the news,Facebook,Merilee Illing
Genovera,Pethybridge,gpethybridgeb9@sbwire.com,2021-12-12,2022-04-19,0.52,the bizness,Influencer,Genovera Pethybridge
Maddie,Chaudron,mchaudronba@jigsy.com,2021-08-12,2021-07-03,0.2,the bizness,Referral,Maddie Chaudron
Dale,Hartley,dhartleybb@free.fr,2021-12-21,2021-11-25,0.62,the news,Referral,Dale Hartley
Judon,Pennyman,jpennymanbc@nbcnews.com,2022-01-16,2022-01-14,0.9,the bizness,Referral,Judon Pennyman
Foss,Wescott,fwescottbd@dagondesign.com,2022-04-16,2021-12-05,0.49,the news,GoogleAds,Foss Wescott
Cornela,Dauber,cdauberbe@twitpic.com,2022-10-05,2021-08-21,0.56,the stories,Referral,Cornela Dauber
Diarmid,Boules,dboulesbf@ca.gov,2022-07-06,2021-08-02,0.52,the news,Facebook,Diarmid Boules
Analise,Koba,akobabg@vimeo.com,2021-08-26,2022-04-12,0.43,the bizness,Facebook,Analise Koba
Leif,Cantu,lcantubh@multiply.com,2022-06-26,2021-10-23,0.73,the news,GoogleAds,Leif Cantu
Hollyanne,Borley,hborleybi@list-manage.com,2022-05-13,2022-05-21,0.02,the bizness,Influencer,Hollyanne Borley
Xymenes,Wellard,xwellardbj@shutterfly.com,2022-11-02,2021-12-19,0.54,the stories,Insta,Xymenes Wellard
Marleah,McGlade,mmcgladebk@blogger.com,2021-12-29,2021-08-17,0.97,the news,Facebook,Marleah McGlade
Barn,McKimmie,bmckimmiebl@netscape.com,2022-08-05,2021-09-02,0.14,the news,Referral,Barn McKimmie
Eziechiele,Harbertson,eharbertsonbm@php.net,2022-04-21,2021-11-04,0.37,the bizness,Insta,Eziechiele Harbertson
Patten,Baggott,pbaggottbn@indiegogo.com,2022-06-03,2021-09-08,0.72,the news,Facebook,Patten Baggott
Milka,Frissell,mfrissellbo@cmu.edu,2021-02-09,2022-03-15,0.88,the news,Influencer,Milka Frissell
Robbie,Tunmore,rtunmorebp@cbsnews.com,2022-12-02,2022-06-08,0.29,the news,Referral,Robbie Tunmore
Cassy,Sones,csonesbq@yandex.ru,2021-01-10,2022-01-05,0.48,the news,Influencer,Cassy Sones
Zane,Mort,zmortbs@cam.ac.uk,2022-02-03,2022-01-22,0.25,the news,GoogleAds,Zane Mort
Kristien,Antwis,kantwisbu@google.com.br,2021-09-15,2022-04-25,0.96,the bizness,Facebook,Kristien Antwis
Reginald,Dunklee,rdunkleebv@disqus.com,2021-07-25,2021-09-25,0.8200000000000001,the champs,Referral,Reginald Dunklee
Raphaela,Vasnev,rvasnevbw@virginia.edu,2022-06-14,2022-03-21,0.86,the news,Influencer,Raphaela Vasnev
Jillana,Dreghorn,jdreghornbx@independent.co.uk,2021-03-10,2021-08-18,0.5,the news,Facebook,Jillana Dreghorn
Dunn,Grumell,dgrumellby@house.gov,2022-02-01,2021-12-05,0.13,the news,Organic,Dunn Grumell
Oran,Parrett,oparrettbz@shutterfly.com,2021-09-10,2021-07-14,0.13,the bizness,GoogleAds,Oran Parrett
Bartram,Starte,bstartec0@narod.ru,2022-06-24,2022-02-05,0.73,the bizness,Influencer,Bartram Starte
Gwyn,Placidi,gplacidic1@epa.gov,2021-09-16,2021-07-30,0.26,the bizness,Referral,Gwyn Placidi
Gail,Ilyinykh,gilyinykhc2@spiegel.de,2022-02-23,2021-07-05,0.85,the bizness,Organic,Gail Ilyinykh
Eliot,Houlden,ehouldenc5@ihg.com,2021-09-09,2021-09-07,0.01,the champs,Influencer,Eliot Houlden
Emmalynn,Niche,enichec6@squarespace.com,2022-11-05,2021-11-18,0.26,the news,Referral,Emmalynn Niche
Marmaduke,Iannazzi,miannazzic7@omniture.com,2021-04-07,2021-09-27,0.2,the stories,GoogleAds,Marmaduke Iannazzi
Mufinella,Godfery,mgodferyc8@omniture.com,2022-01-06,2022-05-13,0.74,the champs,Referral,Mufinella Godfery
Christos,Levi,clevic9@stanford.edu,2022-02-05,2022-01-04,0.4,the bizness,Insta,Christos Levi
Alyosha,Ellinor,aellinorca@prnewswire.com,2022-02-14,2022-04-30,0.28,the stories,Organic,Alyosha Ellinor
Belle,Semrad,bsemradcb@photobucket.com,2021-08-24,2021-10-07,0.46,the bizness,Referral,Belle Semrad
Mignon,Wolters,mwolterscc@yolasite.com,2021-05-11,2022-03-19,0.6900000000000001,the news,GoogleAds,Mignon Wolters
Caressa,Flinn,cflinncd@rambler.ru,2022-06-22,2021-11-28,0.88,the bizness,Insta,Caressa Flinn
Godard,Leneham,glenehamce@arstechnica.com,2022-05-03,2022-06-24,0.31,the stories,Organic,Godard Leneham
Antin,Cancott,acancottcf@prweb.com,2021-07-12,2022-03-18,0.87,the news,GoogleAds,Antin Cancott
Sara-ann,Grealish,sgrealishcg@topsy.com,2021-12-14,2021-07-21,0.99,the bizness,Facebook,Sara-ann Grealish
Reid,Wardington,rwardingtonch@nba.com,2022-03-17,2022-05-02,0.65,the news,GoogleAds,Reid Wardington
Far,Bewicke,fbewickeci@mit.edu,2021-12-28,2021-11-14,0.8,the news,Facebook,Far Bewicke
Corbie,Westgate,cwestgatecj@dropbox.com,2022-05-22,2021-11-25,0.91,the bizness,Referral,Corbie Westgate
Basia,Dufaire,bdufaireck@nifty.com,2022-06-15,2022-02-01,0.42,the bizness,Organic,Basia Dufaire
Nedda,Elwel,nelwelcm@drupal.org,2021-07-21,2021-10-18,0.56,the news,Insta,Nedda Elwel
Isa,Biss,ibisscn@shop-pro.jp,2021-02-10,2022-06-01,0.72,the bizness,Insta,Isa Biss
Gregoor,Banisch,gbanischco@unesco.org,2021-10-21,2022-03-28,0.46,the news,Influencer,Gregoor Banisch
Calli,Hundall,chundallcp@dion.ne.jp,2022-10-01,2021-11-01,0.23,the bizness,Referral,Calli Hundall
Karlan,Inseal,kinsealcq@washington.edu,2022-11-05,2022-06-11,0.9400000000000001,the bizness,Influencer,Karlan Inseal
Poul,Riddler,priddlercr@google.es,2021-12-24,2021-12-07,0.64,the news,Referral,Poul Riddler
Concordia,Sapsforde,csapsfordecs@sfgate.com,2022-04-03,2021-11-19,0.86,the stories,Facebook,Concordia Sapsforde
Riordan,Palle,rpallecu@constantcontact.com,2021-08-08,2021-08-04,0.41000000000000003,the bizness,Facebook,Riordan Palle
Marla,Taveriner,mtaverinercv@adobe.com,2021-10-22,2021-11-21,0.73,the bizness,Referral,Marla Taveriner
Laney,Ruggieri,lruggiericw@telegraph.co.uk,2021-10-20,2022-03-27,0.52,the news,Referral,Laney Ruggieri
Algernon,Jeanenet,ajeanenetcx@hexun.com,2021-09-22,2022-04-22,0.02,the news,GoogleAds,Algernon Jeanenet
Myrtia,Newens,mnewenscy@reference.com,2022-08-03,2022-06-14,0.09,the bizness,Referral,Myrtia Newens
Milzie,Waything,mwaythingcz@deviantart.com,2022-02-19,2021-11-27,0.35000000000000003,the bizness,Organic,Milzie Waything
Rudie,Welman,rwelmand0@netvibes.com,2021-12-21,2021-09-16,0.13,the news,GoogleAds,Rudie Welman
Ruthie,Reast,rreastd1@google.ru,2021-01-12,2021-12-20,0.34,the bizness,Facebook,Ruthie Reast
Bethanne,Balwin,bbalwind2@mail.ru,2021-10-19,2022-05-26,0.6000000000000001,the champs,GoogleAds,Bethanne Balwin
Solly,Summersett,ssummersettd4@webeden.co.uk,2021-11-24,2021-10-31,0.27,the news,GoogleAds,Solly Summersett
Maggi,Gittings,mgittingsd5@webmd.com,2022-03-21,2021-07-28,0.34,the bizness,Organic,Maggi Gittings
Lacey,Glencrash,lglencrashd6@altervista.org,2021-11-08,2021-07-30,0.24,the news,GoogleAds,Lacey Glencrash
Willabella,Young,wyoungd8@wikispaces.com,2022-07-02,2021-12-13,0.23,the news,Organic,Willabella Young
Ricki,Bloxam,rbloxamd9@opera.com,2022-03-03,2021-11-19,0.5,the bizness,Organic,Ricki Bloxam
Shawn,Sinnott,ssinnottda@t.co,2021-09-19,2021-12-24,0.8200000000000001,the bizness,Referral,Shawn Sinnott
Christoforo,Konig,ckonigdb@bigcartel.com,2022-10-05,2022-06-14,0.96,the champs,Referral,Christoforo Konig
Etienne,Bamb,ebambdc@discuz.net,2021-12-16,2022-04-13,0.42,the news,Organic,Etienne Bamb
Dulcinea,Saltmarshe,dsaltmarshedd@loc.gov,2021-12-22,2021-09-03,0.9500000000000001,the news,Facebook,Dulcinea Saltmarshe
Kittie,Romain,kromainde@globo.com,2022-04-19,2022-06-13,0.49,the bizness,Organic,Kittie Romain
Debra,Nussey,dnusseydf@de.vu,2022-06-19,2022-01-05,0.44,the news,Organic,Debra Nussey
Dosi,McGerr,dmcgerrdh@twitter.com,2022-01-13,2022-04-11,0.25,the bizness,Influencer,Dosi McGerr
Fanchette,Salkild,fsalkilddi@foxnews.com,2021-12-27,2022-03-10,0.85,the bizness,Insta,Fanchette Salkild
Zollie,McAtamney,zmcatamneydj@skyrock.com,2021-07-13,2022-03-19,0.78,the news,GoogleAds,Zollie McAtamney
Rand,Aiston,raistondk@newyorker.com,2021-12-25,2021-10-13,0.14,the bizness,GoogleAds,Rand Aiston
Virgie,Laise,vlaisedl@addthis.com,2021-11-24,2021-09-07,1.0,the bizness,Influencer,Virgie Laise
Graehme,Tierney,gtierneydm@theguardian.com,2022-01-26,2022-05-11,0.36,the champs,Influencer,Graehme Tierney
Haskell,Volks,hvolksdn@skype.com,2022-05-19,2022-02-11,0.67,the bizness,Insta,Haskell Volks
Caritta,Cruxton,ccruxtondo@pen.io,2022-07-04,2022-06-22,0.2,the news,Facebook,Caritta Cruxton
Georgine,Grollmann,ggrollmanndq@google.com.br,2021-02-11,2021-09-22,0.37,the bizness,Insta,Georgine Grollmann
Barron,Joint,bjointdr@vistaprint.com,2021-12-26,2021-10-15,0.34,the news,GoogleAds,Barron Joint
Herb,Ginman,hginmands@usgs.gov,2021-10-31,2021-09-18,0.4,the news,Influencer,Herb Ginman
See,Atkyns,satkynsdt@ask.com,2022-06-17,2021-09-01,0.73,the bizness,Organic,See Atkyns
Cornelius,Rolfini,crolfinidu@reddit.com,2021-07-17,2021-08-20,0.67,the champs,Organic,Cornelius Rolfini
Baldwin,Stivani,bstivanidv@fastcompany.com,2021-01-07,2021-09-14,0.33,the bizness,Referral,Baldwin Stivani
Leicester,Georgievski,lgeorgievskidw@ca.gov,2021-11-15,2021-12-06,0.13,the champs,Organic,Leicester Georgievski
Jeth,Crallan,jcrallandx@time.com,2022-01-14,2021-07-10,0.73,the stories,Referral,Jeth Crallan
Shanie,Combes,scombesdy@accuweather.com,2022-09-05,2021-07-18,0.31,the bizness,Facebook,Shanie Combes
Merrili,Bartholomieu,mbartholomieudz@wikia.com,2022-02-14,2022-04-13,0.30000000000000004,the bizness,Organic,Merrili Bartholomieu
Derk,Dennett,ddennette0@epa.gov,2021-10-24,2021-12-21,0.64,the bizness,Organic,Derk Dennett
Lethia,Mowbray,lmowbraye1@dedecms.com,2021-02-08,2022-01-27,0.49,the bizness,GoogleAds,Lethia Mowbray
Juditha,Servis,jservise2@homestead.com,2022-07-04,2022-01-10,0.9,the news,Facebook,Juditha Servis
Sondra,Blaiklock,sblaiklocke3@altervista.org,2022-12-04,2022-02-12,0.48,the champs,Referral,Sondra Blaiklock
Deane,Elcoux,delcouxe4@virginia.edu,2021-09-22,2021-09-15,0.65,the bizness,Referral,Deane Elcoux
Ulberto,Gaffney,ugaffneye5@pagesperso-orange.fr,2022-06-06,2021-08-21,0.15,the news,Insta,Ulberto Gaffney
Luce,Pheby,lphebye6@taobao.com,2022-04-05,2021-11-17,0.74,the champs,Organic,Luce Pheby
Kimmi,Ivankov,kivankove7@latimes.com,2022-01-03,2022-05-06,0.38,the bizness,Facebook,Kimmi Ivankov
Lewiss,Ungerechts,lungerechtse8@homestead.com,2021-09-14,2021-09-16,0.49,the news,Influencer,Lewiss Ungerechts
Idelle,McKern,imckerne9@prweb.com,2022-10-03,2021-09-22,0.13,the champs,GoogleAds,Idelle McKern
Wilburt,Orpen,worpenea@ezinearticles.com,2022-03-26,2022-01-28,0.19,the news,Influencer,Wilburt Orpen
Lindon,Morl,lmorleb@time.com,2021-08-16,2021-08-05,0.87,the champs,Referral,Lindon Morl
Jean,Dymond,jdymondec@marriott.com,2021-12-14,2022-03-28,0.21,the news,GoogleAds,Jean Dymond
Vernice,Shellard,vshellarded@nbcnews.com,2022-03-17,2022-05-19,0.31,the champs,Referral,Vernice Shellard
Eleonore,Chastaing,echastaingee@quantcast.com,2021-08-26,2021-07-18,0.47000000000000003,the bizness,Organic,Eleonore Chastaing
Yolanthe,Finlry,yfinlryeg@theglobeandmail.com,2021-10-30,2022-02-23,0.52,the bizness,Referral,Yolanthe Finlry
Merrili,Tilio,mtilioeh@princeton.edu,2022-03-21,2022-01-09,0.6900000000000001,the news,Facebook,Merrili Tilio
Merissa,Balassi,mbalassiei@g.co,2022-09-04,2021-09-29,0.28,the bizness,GoogleAds,Merissa Balassi
Channa,Wellard,cwellardej@dot.gov,2021-09-28,2021-10-18,0.41000000000000003,the stories,Facebook,Channa Wellard
Rogerio,Booeln,rbooelnek@amazon.co.uk,2022-04-23,2021-10-28,0.48,the news,Referral,Rogerio Booeln
Graham,Oxtiby,goxtibyel@xinhuanet.com,2022-10-05,2022-04-08,0.64,the bizness,Referral,Graham Oxtiby
Basia,Melior,bmeliorem@nymag.com,2021-10-26,2022-03-06,0.92,the news,Insta,Basia Melior
Lucky,Brahams,lbrahamsen@blinklist.com,2021-12-31,2021-07-23,0.5700000000000001,the champs,Referral,Lucky Brahams
Evey,Anders,eanderseo@ed.gov,2022-05-22,2021-08-10,0.51,the stories,Organic,Evey Anders
Gerick,Pietrzak,gpietrzakep@un.org,2022-01-16,2022-04-22,0.55,the news,Facebook,Gerick Pietrzak
Pris,Chipchase,pchipchaseeq@sina.com.cn,2021-12-26,2021-08-19,0.43,the bizness,Referral,Pris Chipchase
Gabriela,Skellen,gskellener@elpais.com,2021-11-13,2022-04-11,0.21,the news,Organic,Gabriela Skellen
Ozzie,Castelijn,ocastelijnes@huffingtonpost.com,2022-08-06,2022-06-06,0.86,the bizness,Facebook,Ozzie Castelijn
Madeleine,Mendus,mmenduset@virginia.edu,2021-09-07,2022-01-11,0.33,the news,Organic,Madeleine Mendus
Lucy,Gallagher,lgallaghereu@jigsy.com,2021-10-07,2022-04-24,0.14,the news,Referral,Lucy Gallagher
Maribel,Fancutt,mfancuttev@ca.gov,2022-05-27,2022-04-04,0.09,the news,Organic,Maribel Fancutt
Rolf,Stain,rstainew@microsoft.com,2021-12-23,2022-01-09,0.35000000000000003,the champs,GoogleAds,Rolf Stain
Marcile,Tendahl,mtendahlex@salon.com,2022-05-18,2021-06-28,0.35000000000000003,the news,GoogleAds,Marcile Tendahl
Lewiss,Elliman,lellimaney@oaic.gov.au,2022-02-23,2021-11-13,0.8200000000000001,the stories,Insta,Lewiss Elliman
Thia,Gaspard,tgaspardez@elegantthemes.com,2022-02-19,2022-04-30,0.29,the bizness,Referral,Thia Gaspard
Rozanne,Gibbie,rgibbief0@last.fm,2021-09-26,2021-09-07,0.61,the champs,Insta,Rozanne Gibbie
Garwin,Goodyer,ggoodyerf1@lulu.com,2022-05-22,2021-11-19,0.47000000000000003,the news,Influencer,Garwin Goodyer
Mark,Vamplew,mvamplewf2@hhs.gov,2021-04-11,2022-02-25,0.38,the news,Organic,Mark Vamplew
Dalston,Ridde,driddef3@i2i.jp,2022-03-29,2021-10-05,0.18,the news,Insta,Dalston Ridde
Matthew,Botha,mbothaf4@tripod.com,2022-04-15,2021-08-10,0.37,the news,Facebook,Matthew Botha
Olia,Curro,ocurrof5@npr.org,2021-12-09,2022-06-03,0.65,the news,Influencer,Olia Curro
Hillery,MacArd,hmacardf6@shareasale.com,2021-12-22,2021-12-28,0.14,the news,Insta,Hillery MacArd
Cecilla,Cameli,ccamelif7@themeforest.net,2021-01-09,2022-03-04,0.38,the champs,Facebook,Cecilla Cameli
Gabriellia,Jerdon,gjerdonf8@macromedia.com,2021-07-08,2021-10-15,0.33,the champs,Insta,Gabriellia Jerdon
Kettie,Tomaselli,ktomasellif9@bravesites.com,2021-11-26,2021-12-13,0.2,the news,GoogleAds,Kettie Tomaselli
Leila,Tyne,ltynefa@pcworld.com,2021-05-07,2022-04-29,0.49,the news,Insta,Leila Tyne
Jeannie,McKibben,jmckibbenfb@163.com,2021-08-08,2021-07-18,0.54,the bizness,GoogleAds,Jeannie McKibben
Giulio,Duhig,gduhigfc@youku.com,2021-10-07,2022-03-04,0.6000000000000001,the champs,Referral,Giulio Duhig
Cornie,Turtle,cturtlefd@jigsy.com,2021-09-19,2021-12-28,0.63,the news,Organic,Cornie Turtle
Fleurette,Brimfield,fbrimfieldfe@discovery.com,2022-03-02,2021-12-11,0.59,the stories,Facebook,Fleurette Brimfield
Ralph,Mabbe,rmabbeff@hao123.com,2021-11-14,2021-08-06,0.76,the news,Referral,Ralph Mabbe
Codie,Simoneton,csimonetonfg@cmu.edu,2022-12-05,2022-03-06,0.64,the bizness,GoogleAds,Codie Simoneton
Nolie,Eddie,neddiefh@archive.org,2022-06-03,2022-05-13,0.8200000000000001,the news,Insta,Nolie Eddie
Cob,Piscotti,cpiscottifj@ebay.co.uk,2021-07-07,2022-02-21,0.7000000000000001,the bizness,Influencer,Cob Piscotti
Carey,Vipan,cvipanfk@accuweather.com,2022-03-17,2022-02-12,0.47000000000000003,the bizness,GoogleAds,Carey Vipan
Beck,Dorward,bdorwardfl@diigo.com,2021-05-07,2022-04-09,0.85,the news,Organic,Beck Dorward
Fraser,Bartusek,fbartusekfm@cisco.com,2021-11-12,2021-09-11,0.71,the bizness,Organic,Fraser Bartusek
Guinevere,Halsey,ghalseyfn@wikia.com,2021-07-13,2022-03-21,0.67,the bizness,GoogleAds,Guinevere Halsey
Kathy,Gerger,kgergerfp@instagram.com,2021-07-19,2021-09-27,0.96,the bizness,Insta,Kathy Gerger
Barris,Carmont,bcarmontfq@diigo.com,2022-05-31,2021-12-29,0.64,the news,GoogleAds,Barris Carmont
Rriocard,Crow,rcrowfr@feedburner.com,2021-07-26,2021-08-10,0.35000000000000003,the bizness,Organic,Rriocard Crow
Trixie,Caddy,tcaddyfs@businessweek.com,2022-04-02,2021-08-21,0.72,the bizness,Influencer,Trixie Caddy
Benji,Poller,bpollerft@jigsy.com,2022-06-13,2022-01-18,0.71,the news,Insta,Benji Poller
Frank,Langeley,flangeleyfu@walmart.com,2022-03-31,2022-04-07,0.86,the champs,GoogleAds,Frank Langeley
Ave,Najera,anajerafv@redcross.org,2021-07-25,2022-06-11,0.68,the champs,Referral,Ave Najera
Jenica,Eudall,jeudallfw@skype.com,2021-08-19,2021-08-03,0.09,the stories,Influencer,Jenica Eudall
Kessiah,Cisec,kcisecfy@amazon.co.uk,2021-09-16,2021-12-10,0.79,the champs,Influencer,Kessiah Cisec
Berkeley,Milleton,bmilletonfz@ovh.net,2021-02-09,2022-05-03,0.88,the news,GoogleAds,Berkeley Milleton
Herminia,Dimond,hdimondg0@csmonitor.com,2022-12-03,2022-03-17,0.71,the champs,Referral,Herminia Dimond
Christiano,Lorente,clorenteg1@hostgator.com,2021-10-07,2022-05-29,0.04,the stories,Influencer,Christiano Lorente
Arlan,Purkess,apurkessg2@senate.gov,2021-12-07,2022-04-05,0.22,the champs,GoogleAds,Arlan Purkess
Frederico,Peyto,fpeytog3@ask.com,2021-11-12,2021-08-12,1.0,the champs,Facebook,Frederico Peyto
Nara,Cana,ncanag4@dedecms.com,2022-01-22,2022-04-09,0.8300000000000001,the champs,Facebook,Nara Cana
Max,Selbie,mselbieg5@opensource.org,2021-11-14,2022-05-11,0.9400000000000001,the news,Referral,Max Selbie
Ermina,Foot,efootg6@va.gov,2022-06-27,2021-12-05,0.45,the news,Referral,Ermina Foot
Charmaine,Rizzone,crizzoneg7@salon.com,2021-12-11,2022-01-05,0.35000000000000003,the bizness,GoogleAds,Charmaine Rizzone
Kristian,Giacomozzo,kgiacomozzog8@tumblr.com,2022-04-27,2021-07-17,0.44,the champs,Organic,Kristian Giacomozzo
Lucinda,Bende,lbendeg9@about.com,2022-01-30,2021-12-13,0.30000000000000004,the news,GoogleAds,Lucinda Bende
Annaliese,Quittonden,aquittondenga@parallels.com,2021-10-24,2021-09-26,0.15,the news,GoogleAds,Annaliese Quittonden
Tully,Troughton,ttroughtongb@fotki.com,2021-02-07,2022-02-12,0.6900000000000001,the news,Facebook,Tully Troughton
Rene,Devil,rdevilgc@ifeng.com,2021-12-07,2022-01-30,0.71,the bizness,Insta,Rene Devil
Randee,Marzele,rmarzelegd@exblog.jp,2021-12-13,2021-11-19,0.77,the news,Referral,Randee Marzele
Miriam,Cudworth,mcudworthge@miitbeian.gov.cn,2022-10-01,2022-06-21,0.66,the news,Influencer,Miriam Cudworth
Clarine,Skidmore,cskidmoregf@ocn.ne.jp,2021-07-09,2021-07-26,0.21,the stories,Organic,Clarine Skidmore
Imogene,Brewse,ibrewsegg@naver.com,2022-05-02,2021-11-25,0.29,the champs,Facebook,Imogene Brewse
Meade,Prendergrass,mprendergrassgh@creativecommons.org,2022-03-21,2022-05-09,0.71,the news,Organic,Meade Prendergrass
Bria,Casier,bcasiergi@seattletimes.com,2022-08-05,2022-02-10,0.5,the bizness,Referral,Bria Casier
Michelina,Matthessen,mmatthessengj@indiatimes.com,2022-10-05,2022-03-23,0.63,the stories,Referral,Michelina Matthessen
Karylin,Sorsby,ksorsbygk@noaa.gov,2022-06-05,2022-01-30,0.03,the champs,GoogleAds,Karylin Sorsby
Solly,Dillinton,sdillintongl@zdnet.com,2022-09-05,2022-03-14,0.07,the news,Insta,Solly Dillinton
Celina,Brotherwood,cbrotherwoodgm@upenn.edu,2021-09-13,2021-07-20,0.97,the champs,GoogleAds,Celina Brotherwood
Cynthia,Preddy,cpreddygn@wired.com,2021-12-11,2022-03-20,0.33,the news,Organic,Cynthia Preddy
Tudor,Patrie,tpatriego@fotki.com,2021-06-28,2021-12-29,0.23,the champs,Insta,Tudor Patrie
Jerrie,Boyce,jboycegp@biblegateway.com,2021-10-11,2021-12-27,0.31,the news,GoogleAds,Jerrie Boyce
Way,Stable,wstablegq@rediff.com,2022-10-02,2021-09-13,0.11,the champs,GoogleAds,Way Stable
Sheri,Hardacre,shardacregr@ameblo.jp,2021-11-10,2021-10-09,0.5700000000000001,the news,Referral,Sheri Hardacre
Diarmid,Garlicke,dgarlickegs@devhub.com,2021-02-07,2022-05-21,0.52,the news,Insta,Diarmid Garlicke
Marlee,Andrin,mandringt@goodreads.com,2021-08-07,2021-10-21,0.31,the bizness,Facebook,Marlee Andrin
Farris,Isaksen,fisaksengu@ftc.gov,2022-11-01,2021-09-15,0.30000000000000004,the bizness,Facebook,Farris Isaksen
Aurelie,McRobbie,amcrobbiegv@sogou.com,2022-06-16,2022-01-11,0.65,the news,GoogleAds,Aurelie McRobbie
Donelle,Ollerton,dollertongw@ustream.tv,2022-02-28,2021-11-20,0.87,the news,Referral,Donelle Ollerton
Darnall,Fairfoull,dfairfoullgx@seesaa.net,2022-01-04,2022-02-03,0.76,the news,GoogleAds,Darnall Fairfoull
Merilyn,Sheivels,msheivelsgy@dedecms.com,2021-12-27,2021-11-21,0.37,the bizness,Organic,Merilyn Sheivels
Lizbeth,Ortzen,lortzengz@mayoclinic.com,2021-09-13,2022-02-02,0.59,the champs,Organic,Lizbeth Ortzen
Joeann,Elie,jelieh0@japanpost.jp,2021-06-07,2021-09-29,0.72,the news,Facebook,Joeann Elie
Hewe,Feechan,hfeechanh1@globo.com,2021-11-25,2021-11-06,0.12,the stories,Organic,Hewe Feechan
Bartholomeus,McGloin,bmcgloinh2@people.com.cn,2021-07-17,2021-09-25,0.35000000000000003,the stories,Organic,Bartholomeus McGloin
Kristo,Asbury,kasburyh4@deliciousdays.com,2022-01-13,2021-12-19,0.06,the news,Influencer,Kristo Asbury
Marlyn,Esslement,messlementh5@scientificamerican.com,2022-01-04,2022-04-09,0.54,the news,GoogleAds,Marlyn Esslement
Elia,Lewsley,elewsleyh6@storify.com,2022-04-26,2022-05-18,0.22,the bizness,GoogleAds,Elia Lewsley
Darrel,Bellow,dbellowh7@de.vu,2022-11-02,2022-05-29,0.05,the news,Insta,Darrel Bellow
Morton,Moreing,mmoreingh8@rakuten.co.jp,2021-11-09,2022-01-17,0.64,the news,Organic,Morton Moreing
Gustie,Worland,gworlandh9@umn.edu,2021-12-28,2022-04-15,0.26,the news,Facebook,Gustie Worland
Joline,Huguet,jhuguetha@sun.com,2021-03-09,2022-02-20,0.32,the champs,Influencer,Joline Huguet
Murdoch,Espadero,mespaderohb@cdbaby.com,2021-12-11,2022-05-25,0.8200000000000001,the bizness,Referral,Murdoch Espadero
Kingsley,Stringer,kstringerhc@phpbb.com,2021-11-14,2022-03-28,0.29,the champs,Facebook,Kingsley Stringer
Emery,Otteridge,eotteridgehd@pagesperso-orange.fr,2022-11-02,2022-03-15,0.64,the news,Organic,Emery Otteridge
Rudie,MacMeanma,rmacmeanmahe@time.com,2022-03-21,2021-08-06,0.07,the news,Referral,Rudie MacMeanma
Anna-maria,Scalia,ascaliahf@wikipedia.org,2021-10-14,2022-04-29,0.08,the champs,Influencer,Anna-maria Scalia
Pail,Lee,pleehg@eventbrite.com,2021-08-18,2021-09-18,0.8,the news,Facebook,Pail Lee
Brodie,Abraham,babrahamhh@yellowbook.com,2021-08-14,2022-03-31,0.08,the bizness,Influencer,Brodie Abraham
Dani,MacCrackan,dmaccrackanhi@paginegialle.it,2021-10-24,2021-06-30,0.47000000000000003,the stories,Influencer,Dani MacCrackan
Caye,Kroon,ckroonhj@tumblr.com,2021-10-20,2022-04-17,0.03,the stories,Insta,Caye Kroon
Rowe,Conybear,rconybearhk@youtube.com,2022-01-28,2021-12-24,0.23,the champs,Organic,Rowe Conybear
Feliza,Mabson,fmabsonhl@ftc.gov,2021-09-23,2022-02-08,0.23,the news,GoogleAds,Feliza Mabson
Rozella,Milner,rmilnerhm@sakura.ne.jp,2021-08-14,2021-11-05,0.2,the news,Facebook,Rozella Milner
Leisha,Ryley,lryleyhn@ucla.edu,2022-03-26,2021-09-10,0.56,the stories,Referral,Leisha Ryley
Traci,Searight,tsearightho@squidoo.com,2022-04-24,2021-08-25,0.93,the news,Influencer,Traci Searight
Arabel,Ludee,aludeehp@newsvine.com,2021-07-15,2021-08-04,0.12,the bizness,Insta,Arabel Ludee
Ethelda,Saxon,esaxonhq@europa.eu,2021-10-12,2022-05-24,0.29,the news,Facebook,Ethelda Saxon
Cheryl,Mottini,cmottinihr@wufoo.com,2021-12-19,2022-01-30,0.44,the news,GoogleAds,Cheryl Mottini
Demott,Holliar,dholliarhs@canalblog.com,2021-11-15,2022-05-17,0.42,the news,GoogleAds,Demott Holliar
Shirlene,Spencook,sspencookht@list-manage.com,2022-01-13,2021-07-01,0.13,the bizness,GoogleAds,Shirlene Spencook
Con,Cathcart,ccathcarthv@yahoo.co.jp,2022-06-04,2022-04-21,0.05,the stories,Organic,Con Cathcart
Andriette,Bootherstone,abootherstonehw@oakley.com,2021-07-08,2021-08-31,0.78,the stories,Insta,Andriette Bootherstone
Sayers,Axston,saxstonhx@patch.com,2021-11-26,2022-03-21,0.91,the bizness,Organic,Sayers Axston
Gare,Simondson,gsimondsonhy@wunderground.com,2022-06-22,2022-05-09,0.04,the champs,Influencer,Gare Simondson
Ariel,Bennet,abennethz@wp.com,2022-02-06,2022-06-11,0.9,the news,Influencer,Ariel Bennet
Adella,Pallant,apallanti1@feedburner.com,2022-12-06,2022-05-02,0.73,the champs,Referral,Adella Pallant
Bendite,Korpal,bkorpali2@hud.gov,2022-04-13,2022-03-08,0.05,the champs,Facebook,Bendite Korpal
Katerina,Ferryman,kferrymani3@amazon.co.jp,2021-07-16,2022-02-17,0.1,the stories,GoogleAds,Katerina Ferryman
Kerri,Francino,kfrancinoi4@icq.com,2022-05-28,2022-04-29,0.64,the bizness,GoogleAds,Kerri Francino
Sumner,Pickett,spicketti5@salon.com,2022-03-06,2021-11-05,0.15,the news,Facebook,Sumner Pickett
Derick,Merring,dmerringi6@e-recht24.de,2021-08-07,2022-04-27,0.93,the champs,Influencer,Derick Merring
Faunie,Caulier,fcaulieri7@cocolog-nifty.com,2021-09-10,2022-04-24,0.97,the bizness,Organic,Faunie Caulier
Denice,Brim,dbrimi8@discovery.com,2022-09-05,2022-04-13,0.34,the champs,Facebook,Denice Brim
Fabe,Pheazey,fpheazeyi9@hatena.ne.jp,2021-09-07,2021-12-14,0.06,the bizness,Organic,Fabe Pheazey
Abby,Dacca,adaccaia@fema.gov,2022-03-13,2022-01-27,0.35000000000000003,the stories,GoogleAds,Abby Dacca
Guglielma,Coulling,gcoullingib@npr.org,2021-07-14,2021-09-20,0.74,the bizness,Organic,Guglielma Coulling
Eyde,Parriss,eparrissic@wufoo.com,2022-04-22,2021-10-12,0.77,the bizness,Organic,Eyde Parriss
Halsy,Dearness,hdearnessid@mapquest.com,2021-09-11,2022-04-27,0.41000000000000003,the news,Organic,Halsy Dearness
Eleanore,Reddihough,ereddihoughie@twitter.com,2021-01-07,2022-01-25,0.56,the news,GoogleAds,Eleanore Reddihough
Marlo,Cadamy,mcadamyif@yahoo.co.jp,2022-03-28,2021-08-13,0.55,the bizness,Referral,Marlo Cadamy
Bertram,Macura,bmacuraig@wiley.com,2022-07-03,2021-09-13,0.63,the champs,Organic,Bertram Macura
Lana,Goffe,lgoffeij@mashable.com,2022-04-20,2022-01-18,0.08,the news,Influencer,Lana Goffe
Elfrieda,Davidde,edaviddeik@yellowpages.com,2021-05-07,2022-04-14,0.13,the bizness,Insta,Elfrieda Davidde
Corrinne,Farriar,cfarriaril@t.co,2021-07-13,2022-01-22,0.28,the bizness,Influencer,Corrinne Farriar
Vergil,Dickenson,vdickensonim@phoca.cz,2022-02-21,2021-11-19,0.1,the news,GoogleAds,Vergil Dickenson
Tristan,Slott,tslottin@t-online.de,2022-05-19,2022-02-08,0.45,the stories,Insta,Tristan Slott
Coriss,Stilliard,cstilliardio@sciencedaily.com,2022-01-18,2022-06-14,0.43,the news,Referral,Coriss Stilliard
Donovan,Simons,dsimonsip@boston.com,2022-02-20,2021-11-30,0.75,the champs,Organic,Donovan Simons
Marcos,Jockle,mjockleiq@dell.com,2021-10-07,2022-06-02,0.59,the bizness,Referral,Marcos Jockle
Gwynne,Anthiftle,ganthiftleir@google.fr,2021-05-07,2022-03-10,0.8200000000000001,the bizness,Organic,Gwynne Anthiftle
Emmeline,Brinklow,ebrinklowis@rediff.com,2022-03-30,2021-11-09,0.64,the bizness,GoogleAds,Emmeline Brinklow
Viviana,Milliere,vmilliereit@phpbb.com,2021-06-07,2022-02-05,0.1,the champs,Organic,Viviana Milliere
Eirena,Cammack,ecammackiu@businessinsider.com,2021-06-12,2021-08-16,0.62,the news,Insta,Eirena Cammack
Annnora,Pitts,apittsiv@bluehost.com,2022-03-04,2021-09-23,0.21,the champs,Facebook,Annnora Pitts
Dacy,Bunyard,dbunyardix@dagondesign.com,2021-02-10,2021-09-14,0.07,the bizness,Referral,Dacy Bunyard
Marne,Stubbings,mstubbingsiy@plala.or.jp,2021-05-10,2021-11-19,0.81,the champs,Influencer,Marne Stubbings
Morrie,Bartolomivis,mbartolomivisiz@histats.com,2022-09-06,2021-10-18,0.59,the news,GoogleAds,Morrie Bartolomivis
Jaye,Pates,jpatesj0@fotki.com,2021-10-20,2022-03-25,0.54,the bizness,GoogleAds,Jaye Pates
Erina,Pilch,epilchj1@theatlantic.com,2022-02-06,2021-08-21,0.15,the news,GoogleAds,Erina Pilch
Retha,Louis,rlouisj2@businessweek.com,2022-07-03,2022-05-10,0.33,the news,Facebook,Retha Louis
Bing,Room,broomj3@yellowpages.com,2022-04-13,2021-11-05,0.76,the news,Influencer,Bing Room
Arleta,Gosenell,agosenellj4@artisteer.com,2022-01-17,2022-01-06,0.86,the champs,Insta,Arleta Gosenell
Lyman,Leas,lleasj5@nyu.edu,2021-10-28,2022-02-01,0.24,the news,Facebook,Lyman Leas
Vaughan,Sconce,vsconcej6@last.fm,2022-01-31,2021-11-25,0.01,the champs,Insta,Vaughan Sconce
Con,Gianilli,cgianillij7@baidu.com,2021-03-11,2021-06-29,0.43,the news,Facebook,Con Gianilli
Donn,Schwaiger,dschwaigerj8@webs.com,2022-03-24,2021-12-29,0.19,the news,Influencer,Donn Schwaiger
Sissy,O'Murtagh,somurtaghj9@google.nl,2021-11-18,2021-06-30,0.07,the champs,Influencer,Sissy O'Murtagh
Joela,Oscroft,joscroftja@artisteer.com,2022-03-23,2022-04-11,0.9,the news,Organic,Joela Oscroft
Etheline,Applebee,eapplebeejb@addthis.com,2022-09-04,2021-12-13,0.47000000000000003,the news,Facebook,Etheline Applebee
Darsey,Barnaby,dbarnabyjc@cnn.com,2021-04-11,2022-06-25,0.37,the news,Organic,Darsey Barnaby
Annamarie,Govey,agoveyjd@sogou.com,2021-08-22,2021-09-19,0.5700000000000001,the bizness,Organic,Annamarie Govey
Codie,Eades,ceadesje@nbcnews.com,2022-11-02,2021-10-22,0.93,the news,Insta,Codie Eades
Richy,Guillford,rguillfordjf@sun.com,2021-11-08,2022-06-14,0.29,the bizness,Organic,Richy Guillford
Lay,Charley,lcharleyjg@oaic.gov.au,2021-09-29,2022-05-18,0.96,the news,Influencer,Lay Charley
Lindsy,Terne,lternejh@yahoo.co.jp,2022-04-28,2021-07-09,0.19,the bizness,Influencer,Lindsy Terne
Rorie,Ziemen,rziemenjj@theatlantic.com,2021-08-16,2022-04-10,0.1,the stories,Facebook,Rorie Ziemen
Felicdad,Sibery,fsiberyjk@berkeley.edu,2022-01-21,2021-09-06,0.08,the champs,Organic,Felicdad Sibery
Keene,Wimpenny,kwimpennyjl@redcross.org,2022-04-24,2021-07-01,0.22,the bizness,Insta,Keene Wimpenny
Gizela,Culmer,gculmerjm@google.com.hk,2022-04-26,2022-04-18,0.5,the champs,Referral,Gizela Culmer
Lucia,Jansema,ljansemajn@ebay.co.uk,2022-02-03,2021-12-19,0.13,the bizness,Referral,Lucia Jansema
Malva,Izon,mizonjo@deliciousdays.com,2021-06-30,2021-11-23,0.99,the news,Organic,Malva Izon
Alfy,Airth,aairthjp@gmpg.org,2021-08-22,2022-03-15,0.48,the news,Insta,Alfy Airth
Alanna,Pawelski,apawelskijq@hostgator.com,2022-03-21,2021-08-27,0.6000000000000001,the news,Referral,Alanna Pawelski
Idelle,Roocroft,iroocroftjr@geocities.jp,2022-08-02,2021-09-18,0.59,the news,Influencer,Idelle Roocroft
Marley,Gagan,mgaganjs@quantcast.com,2021-08-09,2021-12-25,0.74,the bizness,Organic,Marley Gagan
Neila,Iddenden,niddendenjt@tmall.com,2021-09-26,2021-11-26,0.25,the news,Insta,Neila Iddenden
Geralda,Hodgins,ghodginsju@xing.com,2022-06-23,2021-10-22,0.35000000000000003,the champs,Facebook,Geralda Hodgins
Pancho,Garriock,pgarriockjv@google.co.uk,2021-08-10,2021-07-30,0.32,the stories,GoogleAds,Pancho Garriock
Bogey,O'Murtagh,bomurtaghjw@uiuc.edu,2022-04-28,2021-07-01,0.59,the stories,GoogleAds,Bogey O'Murtagh
Tandi,Dibbert,tdibbertjx@usda.gov,2022-02-15,2022-04-18,0.8,the news,Referral,Tandi Dibbert
Linoel,Duprey,ldupreyjy@chronoengine.com,2022-07-03,2021-07-20,0.51,the news,Influencer,Linoel Duprey
Ezekiel,Elgood,eelgoodjz@so-net.ne.jp,2021-08-26,2022-04-16,0.14,the stories,Facebook,Ezekiel Elgood
Perrine,Fountian,pfountiank2@over-blog.com,2021-09-26,2022-06-03,0.24,the bizness,Referral,Perrine Fountian
Ketty,Minards,kminardsk3@tripadvisor.com,2021-05-11,2022-06-27,0.74,the news,Facebook,Ketty Minards
Ofella,Weiser,oweiserk4@time.com,2021-10-27,2022-01-09,0.44,the bizness,Organic,Ofella Weiser
Fara,Lerwill,flerwillk5@about.com,2021-10-24,2021-10-04,0.55,the news,GoogleAds,Fara Lerwill
Bran,Ben,bbenk6@godaddy.com,2021-09-23,2021-07-28,0.9500000000000001,the news,Influencer,Bran Ben
Patrice,Berryman,pberrymank7@smh.com.au,2021-10-21,2021-11-11,0.46,the champs,Insta,Patrice Berryman
Janis,Falk,jfalkk8@uol.com.br,2021-09-21,2021-10-04,0.27,the bizness,Facebook,Janis Falk
Danila,Westell,dwestellk9@deliciousdays.com,2022-04-14,2022-05-14,0.5,the news,Facebook,Danila Westell
Savina,Christensen,schristensenka@yellowbook.com,2021-09-08,2021-09-28,0.75,the stories,Influencer,Savina Christensen
Giana,Callcott,gcallcottkb@ning.com,2022-04-26,2021-08-04,0.96,the stories,Facebook,Giana Callcott
Morena,Chesshire,mchesshirekc@163.com,2021-06-08,2021-09-11,0.35000000000000003,the bizness,Influencer,Morena Chesshire
Rossie,Marunchak,rmarunchakkd@ox.ac.uk,2021-08-25,2021-09-19,0.46,the news,Insta,Rossie Marunchak
Sander,Bendle,sbendleke@angelfire.com,2021-08-29,2021-11-01,0.96,the bizness,Influencer,Sander Bendle
Prudy,Ellesworthe,pellesworthekf@irs.gov,2021-07-19,2022-04-21,0.77,the stories,Organic,Prudy Ellesworthe
Kit,Bubbins,kbubbinskg@time.com,2021-07-25,2021-08-09,0.92,the news,GoogleAds,Kit Bubbins
Dorthea,Pladen,dpladenkh@quantcast.com,2022-06-23,2021-10-07,0.33,the bizness,Referral,Dorthea Pladen
Stephie,Lovegrove,slovegroveki@sphinn.com,2021-09-23,2022-01-26,0.06,the news,GoogleAds,Stephie Lovegrove
Tamiko,Adolphine,tadolphinekj@utexas.edu,2022-03-25,2022-02-23,0.23,the news,GoogleAds,Tamiko Adolphine
Abbey,Breche,abrechekk@wordpress.com,2021-10-17,2021-10-31,0.32,the champs,Influencer,Abbey Breche
Candide,Mulqueeny,cmulqueenykl@nytimes.com,2021-07-13,2021-08-02,0.15,the news,Facebook,Candide Mulqueeny
Hortensia,Edkins,hedkinskm@earthlink.net,2021-01-11,2021-12-15,0.49,the news,Influencer,Hortensia Edkins
Yasmeen,Kestell,ykestellkn@over-blog.com,2021-10-17,2021-09-29,0.05,the champs,GoogleAds,Yasmeen Kestell
Boot,Challace,bchallaceko@samsung.com,2021-11-20,2021-07-28,0.99,the bizness,GoogleAds,Boot Challace
Dina,Mordaunt,dmordauntkp@wisc.edu,2022-05-04,2022-03-28,0.17,the news,Referral,Dina Mordaunt
Haley,Thowes,hthoweskq@about.me,2021-12-17,2021-08-12,0.25,the news,Influencer,Haley Thowes
Rudiger,Bridal,rbridalkr@ed.gov,2022-01-05,2021-09-16,0.14,the bizness,Facebook,Rudiger Bridal
Karia,McPheat,kmcpheatks@phpbb.com,2022-03-03,2022-02-23,0.04,the news,Organic,Karia McPheat
Roosevelt,Valero,rvalerokt@4shared.com,2021-07-26,2022-06-03,0.55,the news,Insta,Roosevelt Valero
Annemarie,Dunton,aduntonku@army.mil,2021-12-27,2022-03-29,0.62,the news,Influencer,Annemarie Dunton
Orland,Cranke,ocrankekv@meetup.com,2021-12-20,2021-10-15,0.41000000000000003,the stories,Insta,Orland Cranke
Roseanna,Crush,rcrushkw@hao123.com,2021-10-15,2021-10-13,0.73,the news,GoogleAds,Roseanna Crush
Nevsa,Ternott,nternottkx@ted.com,2022-05-27,2022-02-13,0.11,the stories,GoogleAds,Nevsa Ternott
Alyssa,Wickrath,awickrathkz@hp.com,2022-01-27,2022-01-14,0.4,the stories,GoogleAds,Alyssa Wickrath
Norma,Phelip,nphelipl0@psu.edu,2021-09-10,2021-10-30,0.85,the news,Referral,Norma Phelip
Kristen,Rivel,krivell1@bloglines.com,2022-03-14,2022-05-29,0.58,the news,Referral,Kristen Rivel
Patrice,McIlharga,pmcilhargal2@alexa.com,2022-09-01,2022-02-21,0.63,the stories,Influencer,Patrice McIlharga
Emelita,Scroggins,escrogginsl4@unblog.fr,2021-12-12,2022-06-17,0.12,the champs,Influencer,Emelita Scroggins
Cos,Clemence,cclemencel5@craigslist.org,2021-11-20,2022-04-21,0.52,the bizness,Influencer,Cos Clemence
Holt,Dennidge,hdennidgel6@fema.gov,2022-01-02,2022-05-16,0.30000000000000004,the bizness,Insta,Holt Dennidge
Yoko,Capel,ycapell7@webeden.co.uk,2021-04-11,2022-01-07,0.67,the stories,Organic,Yoko Capel
Caz,Latore,clatorel8@patch.com,2021-07-27,2021-10-10,0.56,the news,Insta,Caz Latore
Gasper,Riba,gribala@soup.io,2022-12-04,2022-01-19,0.76,the news,Insta,Gasper Riba
Lilas,Zmitrovich,lzmitrovichld@arizona.edu,2022-05-13,2022-05-16,0.8,the news,Facebook,Lilas Zmitrovich
Sidnee,Bolmann,sbolmannle@163.com,2021-12-09,2022-02-09,0.77,the news,GoogleAds,Sidnee Bolmann
Renelle,Plank,rplanklf@delicious.com,2022-03-17,2022-01-28,0.32,the champs,Insta,Renelle Plank
Claudelle,Wilcockes,cwilcockeslg@noaa.gov,2022-02-26,2022-01-27,0.03,the bizness,Influencer,Claudelle Wilcockes
Evyn,O Sullivan,eosullivanli@google.co.jp,2022-06-14,2021-09-05,0.8,the news,Facebook,Evyn O Sullivan
Tedi,Capozzi,tcapozzilj@t.co,2022-02-04,2021-10-15,0.87,the champs,Referral,Tedi Capozzi
Emilee,Reyner,ereynerlk@paginegialle.it,2021-08-23,2021-07-18,0.46,the news,GoogleAds,Emilee Reyner
Ashlie,Condict,acondictll@woothemes.com,2022-02-03,2021-09-05,1.0,the news,Insta,Ashlie Condict
Olivero,Littlejohns,olittlejohnslm@dyndns.org,2021-10-16,2022-04-07,0.52,the bizness,GoogleAds,Olivero Littlejohns
Farris,Jencken,fjenckenln@flavors.me,2022-05-06,2021-10-16,0.67,the news,Referral,Farris Jencken
Lura,Ineson,linesonlo@redcross.org,2022-01-26,2022-05-04,0.6900000000000001,the news,Facebook,Lura Ineson
Lishe,Kinsley,lkinsleylp@bandcamp.com,2021-10-19,2022-01-13,0.5700000000000001,the news,Referral,Lishe Kinsley
Phillis,Comini,pcominilq@g.co,2022-05-16,2021-09-12,0.22,the bizness,Referral,Phillis Comini
Rozina,Potbury,rpotburyls@fema.gov,2021-07-18,2021-07-15,0.41000000000000003,the news,GoogleAds,Rozina Potbury
Cari,Stoak,cstoaklt@youtube.com,2022-07-06,2022-03-02,0.47000000000000003,the news,Influencer,Cari Stoak
Garwood,Le Moucheux,glemoucheuxlu@archive.org,2022-10-05,2022-05-17,0.35000000000000003,the bizness,GoogleAds,Garwood Le Moucheux
Maris,Barstowk,mbarstowklv@squarespace.com,2022-03-23,2022-03-21,0.71,the stories,Influencer,Maris Barstowk
Marji,McInility,mmcinilitylw@nba.com,2021-07-20,2022-03-20,0.84,the news,Influencer,Marji McInility
Fonsie,Horribine,fhorribinelx@icio.us,2022-01-26,2022-05-14,0.33,the bizness,Influencer,Fonsie Horribine
Gloria,Yven,gyvenly@ihg.com,2021-09-16,2021-11-30,0.64,the news,Referral,Gloria Yven
Perri,Narramore,pnarramorelz@bloglovin.com,2022-03-14,2022-03-26,0.9,the news,Referral,Perri Narramore
Kaye,Egre,kegrem0@techcrunch.com,2022-03-25,2021-10-04,0.67,the news,Influencer,Kaye Egre
Frederich,Bloomer,fbloomerm1@columbia.edu,2022-02-03,2021-08-25,0.9,the news,Referral,Frederich Bloomer
Ky,Steedman,ksteedmanm2@yandex.ru,2022-04-28,2021-08-26,0.74,the bizness,Influencer,Ky Steedman
Quinton,Lantuff,qlantuffm3@va.gov,2022-08-01,2021-07-30,0.33,the bizness,Influencer,Quinton Lantuff
Dame,Druce,ddrucem4@wiley.com,2022-05-17,2022-05-18,0.54,the bizness,Organic,Dame Druce
Hetti,Valett,hvalettm5@wunderground.com,2021-03-07,2021-12-04,0.09,the news,Referral,Hetti Valett
Indira,Orry,iorrym6@unesco.org,2021-10-24,2021-11-16,0.59,the bizness,Insta,Indira Orry
Annissa,Huttley,ahuttleym7@wsj.com,2021-09-30,2022-05-11,0.63,the champs,Referral,Annissa Huttley
Roda,Bosson,rbossonm8@alexa.com,2021-08-07,2021-07-17,0.27,the news,Insta,Roda Bosson
Marjory,Oppie,moppiem9@ezinearticles.com,2022-01-29,2022-06-14,0.6000000000000001,the bizness,GoogleAds,Marjory Oppie
Brand,Yegorchenkov,byegorchenkovma@flickr.com,2022-04-26,2021-11-01,0.12,the news,GoogleAds,Brand Yegorchenkov
Marven,Yapp,myappmc@fotki.com,2022-05-17,2022-03-05,0.93,the news,Insta,Marven Yapp
Yurik,Aizikov,yaizikovmd@posterous.com,2021-10-10,2021-09-12,0.22,the news,Influencer,Yurik Aizikov
Carlee,Combe,ccombeme@auda.org.au,2021-10-28,2021-08-07,0.04,the champs,Referral,Carlee Combe
Dur,Faltskog,dfaltskogmf@kickstarter.com,2022-06-15,2021-11-23,0.05,the news,Influencer,Dur Faltskog
Salomo,Roxburch,sroxburchmg@shinystat.com,2021-09-20,2021-09-13,0.51,the bizness,Referral,Salomo Roxburch
Kally,Caltera,kcalterami@desdev.cn,2022-02-20,2022-04-07,0.96,the bizness,Insta,Kally Caltera
Hattie,Stansbie,hstansbiemj@typepad.com,2022-09-05,2021-08-25,0.26,the stories,GoogleAds,Hattie Stansbie
Timmy,Ivery,tiverymk@gnu.org,2022-01-19,2021-09-12,0.22,the stories,GoogleAds,Timmy Ivery
Coleen,Sandyfirth,csandyfirthml@webnode.com,2022-07-05,2021-07-29,0.39,the bizness,Organic,Coleen Sandyfirth
Alene,Akhurst,aakhurstmm@spotify.com,2022-04-16,2022-06-16,0.97,the bizness,Facebook,Alene Akhurst
Udell,Kurtis,ukurtismn@istockphoto.com,2022-06-03,2021-07-17,0.51,the champs,GoogleAds,Udell Kurtis
Raina,Cereceres,rcereceresmo@rakuten.co.jp,2022-04-05,2021-09-30,0.67,the stories,Insta,Raina Cereceres
Nikos,Rowlings,nrowlingsmp@sun.com,2021-06-07,2022-03-03,0.62,the news,GoogleAds,Nikos Rowlings
Latashia,Wasbrough,lwasbroughmq@nyu.edu,2022-03-20,2021-07-01,0.07,the news,Facebook,Latashia Wasbrough
Alex,Barens,abarensmr@netvibes.com,2021-07-28,2021-07-23,0.14,the bizness,Facebook,Alex Barens
Fredek,Guynemer,fguynemerms@feedburner.com,2022-02-17,2022-05-03,0.17,the stories,Facebook,Fredek Guynemer
Manolo,Haydon,mhaydonmt@geocities.com,2022-06-14,2021-09-01,0.29,the bizness,Organic,Manolo Haydon
Cornela,Warren,cwarrenmv@ezinearticles.com,2022-08-04,2022-04-05,0.8300000000000001,the news,Facebook,Cornela Warren
Arni,Lushey,alusheymw@sphinn.com,2022-01-21,2022-02-13,0.17,the bizness,Insta,Arni Lushey
Shawn,Ardern,sardernmx@abc.net.au,2021-12-10,2021-10-22,0.7000000000000001,the bizness,Insta,Shawn Ardern
Molly,Chaytor,mchaytormy@psu.edu,2021-09-26,2021-09-01,0.6000000000000001,the news,Influencer,Molly Chaytor
Amalie,Fortman,afortmanmz@springer.com,2022-09-06,2021-10-01,0.44,the news,Referral,Amalie Fortman
Elvyn,Gegg,egeggn1@printfriendly.com,2021-10-31,2022-01-05,0.99,the bizness,Influencer,Elvyn Gegg
Josefina,Beeke,jbeeken2@techcrunch.com,2021-10-31,2021-08-29,0.19,the news,Organic,Josefina Beeke
Frants,Dumbellow,fdumbellown3@pbs.org,2022-03-06,2021-09-09,0.99,the news,Influencer,Frants Dumbellow
Felic,O'Hengerty,fohengertyn4@odnoklassniki.ru,2021-12-31,2022-06-23,0.93,the stories,Facebook,Felic O'Hengerty
Carroll,Krystof,ckrystofn5@chron.com,2022-04-20,2022-03-29,0.7000000000000001,the news,Organic,Carroll Krystof
Huntlee,Sleeny,hsleenyn6@arizona.edu,2021-08-08,2021-10-01,0.45,the news,Organic,Huntlee Sleeny
Benetta,Westwater,bwestwatern8@multiply.com,2021-11-24,2022-03-13,0.47000000000000003,the news,Referral,Benetta Westwater
Odelle,Pierton,opiertonn9@usatoday.com,2022-09-04,2022-03-22,0.46,the bizness,GoogleAds,Odelle Pierton
Nev,Kilduff,nkilduffnb@bravesites.com,2022-05-05,2021-10-02,0.62,the bizness,Influencer,Nev Kilduff
Noel,Blackaller,nblackallernc@independent.co.uk,2021-11-18,2021-12-21,0.84,the stories,Insta,Noel Blackaller
Veronike,MacMickan,vmacmickannd@yellowpages.com,2022-05-13,2021-12-28,0.36,the news,Referral,Veronike MacMickan
Justino,Zecchinelli,jzecchinelline@vimeo.com,2022-05-17,2022-05-01,0.12,the news,Referral,Justino Zecchinelli
Enrique,Colebourne,ecolebournenf@vkontakte.ru,2021-11-20,2021-11-14,0.37,the bizness,Organic,Enrique Colebourne
Shelden,Karslake,skarslakeng@nhs.uk,2021-05-09,2022-02-18,0.30000000000000004,the news,Influencer,Shelden Karslake
Kylila,Olyet,kolyetnh@diigo.com,2022-04-13,2022-02-02,0.9,the news,GoogleAds,Kylila Olyet
Rockie,Lowres,rlowresni@guardian.co.uk,2021-07-21,2021-08-07,0.89,the bizness,Influencer,Rockie Lowres
Crista,Cadalleder,ccadalledernj@bloglines.com,2021-10-08,2022-01-31,1.0,the bizness,Insta,Crista Cadalleder
Atalanta,Swatten,aswattennk@mozilla.org,2022-06-13,2021-08-22,0.47000000000000003,the champs,GoogleAds,Atalanta Swatten
Dania,Applegarth,dapplegarthnm@hatena.ne.jp,2022-06-18,2022-02-23,0.68,the news,Organic,Dania Applegarth
Sheela,Greger,sgregernn@washington.edu,2021-07-10,2022-01-05,0.79,the news,GoogleAds,Sheela Greger
Gayleen,Dragoe,gdragoeno@google.co.jp,2021-10-31,2022-02-21,0.02,the champs,Organic,Gayleen Dragoe
Pepito,Rosenbaum,prosenbaumnp@mapy.cz,2022-01-13,2022-01-09,0.35000000000000003,the bizness,GoogleAds,Pepito Rosenbaum
Elias,Whitchurch,ewhitchurchnq@indiatimes.com,2022-01-19,2022-05-10,0.24,the champs,Insta,Elias Whitchurch
Dario,Simkin,dsimkinnr@japanpost.jp,2021-09-24,2021-12-18,0.5,the news,GoogleAds,Dario Simkin
Mandie,Dulany,mdulanyns@clickbank.net,2022-08-02,2021-12-16,0.63,the bizness,GoogleAds,Mandie Dulany
Lexie,Allman,lallmannt@go.com,2022-01-19,2021-12-26,0.41000000000000003,the news,GoogleAds,Lexie Allman
Judah,Scotchmur,jscotchmurnu@rakuten.co.jp,2021-09-26,2022-06-11,0.92,the news,Organic,Judah Scotchmur
Corbett,Bowerbank,cbowerbanknv@tripod.com,2022-07-01,2021-10-12,0.67,the champs,Facebook,Corbett Bowerbank
Hanan,Phateplace,hphateplacenw@woothemes.com,2021-08-08,2021-08-23,0.36,the news,Referral,Hanan Phateplace
Lanita,Broadis,lbroadisnx@zimbio.com,2021-11-19,2021-12-25,0.9400000000000001,the champs,Insta,Lanita Broadis
Francoise,Icke,fickeny@epa.gov,2021-07-13,2021-11-26,0.52,the news,Influencer,Francoise Icke
Kip,Reddell,kreddellnz@uol.com.br,2022-02-14,2021-11-01,0.67,the news,Insta,Kip Reddell
Ramona,Baughan,rbaughano0@java.com,2021-03-11,2021-08-11,0.5700000000000001,the news,Influencer,Ramona Baughan
Madelena,Wolsey,mwolseyo1@disqus.com,2021-08-19,2022-01-17,0.79,the news,Referral,Madelena Wolsey
Garner,Chaffey,gchaffeyo2@chron.com,2022-04-24,2022-03-19,0.7000000000000001,the news,Influencer,Garner Chaffey
Marianna,Wedderburn,mwedderburno3@loc.gov,2022-01-20,2022-05-17,0.14,the champs,Facebook,Marianna Wedderburn
Monique,Brechin,mbrechino4@buzzfeed.com,2022-02-19,2022-05-27,0.72,the champs,Influencer,Monique Brechin
Pavel,Rangle,prangleo5@bbc.co.uk,2021-09-28,2022-06-10,0.74,the news,Insta,Pavel Rangle
Fanya,Benka,fbenkao6@mozilla.org,2021-09-23,2022-03-05,0.9,the news,Insta,Fanya Benka
Patsy,Livett,plivetto7@uiuc.edu,2022-04-22,2021-09-20,0.64,the news,Influencer,Patsy Livett
Thomasa,Arnhold,tarnholdo8@msn.com,2021-11-10,2021-10-29,0.58,the news,Facebook,Thomasa Arnhold
Joline,Jerrans,jjerransoa@netlog.com,2021-11-10,2021-11-10,0.74,the champs,Organic,Joline Jerrans
Tucker,Calafato,tcalafatoob@histats.com,2021-09-17,2021-07-14,0.37,the champs,GoogleAds,Tucker Calafato
Cynthie,Cosens,ccosensoc@mashable.com,2022-01-05,2021-12-13,0.1,the news,Referral,Cynthie Cosens
Staffard,Figliovanni,sfigliovanniod@spiegel.de,2021-09-09,2021-07-05,0.04,the champs,Referral,Staffard Figliovanni
Blisse,Tolworth,btolworthoe@usa.gov,2022-04-20,2022-02-03,0.25,the bizness,GoogleAds,Blisse Tolworth
Jessy,Sea,jseaof@sbwire.com,2022-03-23,2022-06-19,0.18,the bizness,Facebook,Jessy Sea
Dukey,Castane,dcastaneog@cbsnews.com,2021-07-29,2021-07-19,0.15,the bizness,Referral,Dukey Castane
Gracie,Erett,gerettoi@deviantart.com,2021-06-11,2022-05-30,0.91,the news,Insta,Gracie Erett
Shane,Ewells,sewellsoj@naver.com,2021-10-28,2021-11-01,0.30000000000000004,the bizness,Influencer,Shane Ewells
Laughton,Jefford,ljeffordok@opensource.org,2022-04-22,2021-09-12,0.86,the bizness,Facebook,Laughton Jefford
Ingmar,Klimpke,iklimpkeol@redcross.org,2022-06-02,2022-03-27,0.08,the champs,Insta,Ingmar Klimpke
Minni,Maciunas,mmaciunasom@elegantthemes.com,2021-08-12,2022-02-22,0.54,the bizness,Influencer,Minni Maciunas
Koressa,Mohamed,kmohamedon@addtoany.com,2021-11-13,2021-07-16,0.63,the news,Influencer,Koressa Mohamed
Constantine,Elvy,celvyoo@businessweek.com,2022-03-05,2021-08-16,0.9400000000000001,the stories,Organic,Constantine Elvy
Kermit,Laughnan,klaughnanop@prnewswire.com,2022-05-14,2022-04-28,0.13,the news,Influencer,Kermit Laughnan
Ester,Jopke,ejopkeoq@unblog.fr,2022-01-31,2022-05-10,0.33,the champs,Insta,Ester Jopke
Sully,Bristo,sbristoor@unesco.org,2022-05-24,2022-05-20,0.98,the bizness,Insta,Sully Bristo
Roldan,Roeby,rroebyot@wisc.edu,2021-06-11,2021-12-28,0.1,the news,GoogleAds,Roldan Roeby
Cloe,Arrault,carraultou@aol.com,2022-01-31,2021-11-03,0.06,the news,Facebook,Cloe Arrault
Alvira,Pedracci,apedracciov@tiny.cc,2021-07-25,2022-01-05,0.88,the bizness,Referral,Alvira Pedracci
Eleonora,Pendlenton,ependlentonow@boston.com,2022-05-24,2021-07-08,0.44,the champs,Insta,Eleonora Pendlenton
Monah,Gutcher,mgutcherox@state.gov,2021-05-11,2021-11-24,0.78,the news,Influencer,Monah Gutcher
Bondon,Howard,bhowardoy@wikia.com,2021-10-07,2021-09-20,0.01,the news,Influencer,Bondon Howard
Chicky,Wildgoose,cwildgooseoz@patch.com,2022-05-03,2021-10-02,0.41000000000000003,the bizness,GoogleAds,Chicky Wildgoose
Rici,Doram,rdoramp0@uol.com.br,2021-08-21,2021-10-25,0.22,the bizness,Facebook,Rici Doram
Bonnibelle,Formilli,bformillip1@flickr.com,2021-07-29,2021-11-10,0.36,the stories,Influencer,Bonnibelle Formilli
Benjamin,Robertet,brobertetp2@adobe.com,2022-04-24,2021-12-15,0.30000000000000004,the champs,Referral,Benjamin Robertet
Hazel,Barnwille,hbarnwillep3@xing.com,2022-04-04,2021-08-22,0.8200000000000001,the champs,Insta,Hazel Barnwille
Thea,Wolters,twoltersp4@discuz.net,2022-02-04,2021-12-09,0.58,the bizness,Facebook,Thea Wolters
Willard,Birkenhead,wbirkenheadp5@creativecommons.org,2022-04-06,2021-06-30,0.65,the news,Insta,Willard Birkenhead
Tommie,Heinert,theinertp6@ustream.tv,2022-05-18,2022-05-05,0.4,the bizness,GoogleAds,Tommie Heinert
Harriot,Breckell,hbreckellp7@state.gov,2021-07-10,2021-08-14,0.37,the champs,Influencer,Harriot Breckell
Ravi,Sweatman,rsweatmanp8@paginegialle.it,2021-11-29,2021-10-19,0.79,the bizness,Influencer,Ravi Sweatman
Hanna,Bruckshaw,hbruckshawp9@nba.com,2021-09-19,2021-11-07,0.58,the news,GoogleAds,Hanna Bruckshaw
Nara,Luby,nlubypa@hubpages.com,2021-10-15,2022-03-31,0.09,the stories,Insta,Nara Luby
Fredrika,Budnik,fbudnikpb@mit.edu,2021-09-22,2022-02-03,0.51,the bizness,Insta,Fredrika Budnik
Allene,Johnston,ajohnstonpc@theguardian.com,2021-07-11,2021-12-23,0.71,the news,GoogleAds,Allene Johnston
Katalin,Corser,kcorserpd@ed.gov,2022-05-17,2021-07-31,0.98,the stories,Referral,Katalin Corser
Carmen,Ebdin,cebdinpe@soup.io,2021-10-09,2022-02-26,0.99,the news,Organic,Carmen Ebdin
Trev,Larive,tlarivepf@google.it,2022-11-05,2022-01-07,0.09,the bizness,Organic,Trev Larive
Cordy,Kerridge,ckerridgepg@printfriendly.com,2021-09-30,2022-05-23,0.74,the bizness,Insta,Cordy Kerridge
Adey,Josham,ajoshamph@adobe.com,2022-11-03,2022-03-18,0.77,the news,Influencer,Adey Josham
Madge,Phayre,mphayrepi@scientificamerican.com,2021-11-25,2022-04-13,0.79,the news,GoogleAds,Madge Phayre
Amalie,Jory,ajorypk@flavors.me,2021-10-10,2021-12-25,0.46,the champs,Organic,Amalie Jory
Ellie,Bourthoumieux,ebourthoumieuxpl@aboutads.info,2022-02-26,2022-03-22,0.1,the bizness,Insta,Ellie Bourthoumieux
Saul,Cottrill,scottrillpm@ifeng.com,2021-11-26,2021-09-05,0.13,the bizness,Facebook,Saul Cottrill
Krissy,Goodfield,kgoodfieldpn@netscape.com,2021-10-15,2021-08-21,0.31,the champs,Facebook,Krissy Goodfield
Denice,Daoust,ddaoustpo@goo.ne.jp,2022-06-13,2021-09-17,0.34,the champs,Insta,Denice Daoust
Emory,Abells,eabellspp@chicagotribune.com,2021-04-11,2021-09-22,0.71,the bizness,Influencer,Emory Abells
Karim,Prujean,kprujeanpq@dion.ne.jp,2021-12-14,2021-07-01,0.49,the bizness,Organic,Karim Prujean
Juliette,Irvine,jirvinepr@cam.ac.uk,2022-12-05,2021-09-20,0.9400000000000001,the bizness,Influencer,Juliette Irvine
Nona,Jarred,njarredps@altervista.org,2022-02-04,2021-08-04,0.96,the bizness,Organic,Nona Jarred
Winnie,Vautre,wvautrept@ucoz.com,2022-03-04,2022-04-17,0.87,the champs,Organic,Winnie Vautre
Markos,Dailey,mdaileypu@zdnet.com,2021-09-16,2022-06-19,0.9500000000000001,the bizness,Influencer,Markos Dailey
Kahaleel,Wadeson,kwadesonpv@nba.com,2022-06-17,2022-04-01,0.65,the news,Facebook,Kahaleel Wadeson
Leopold,Tuffell,ltuffellpw@harvard.edu,2021-04-09,2022-02-25,0.74,the champs,Influencer,Leopold Tuffell
Lauree,Portt,lporttpx@webs.com,2021-10-09,2021-08-27,0.33,the champs,Facebook,Lauree Portt
Jay,Wolvey,jwolveypy@mapy.cz,2021-09-20,2022-04-15,0.73,the bizness,Facebook,Jay Wolvey
Karissa,Bridger,kbridgerpz@bing.com,2022-08-04,2022-04-13,0.74,the bizness,Influencer,Karissa Bridger
Josiah,MacLennan,jmaclennanq0@ovh.net,2022-06-22,2021-12-31,0.97,the champs,Referral,Josiah MacLennan
Fancie,Reedy,freedyq1@hubpages.com,2021-10-28,2022-05-09,0.65,the news,Facebook,Fancie Reedy
Neville,Mudge,nmudgeq2@comcast.net,2022-06-27,2021-09-27,0.75,the bizness,GoogleAds,Neville Mudge
Yoko,Bastie,ybastieq3@meetup.com,2021-02-10,2022-05-09,0.27,the news,Facebook,Yoko Bastie
Tobit,Cofax,tcofaxq4@purevolume.com,2021-12-17,2021-11-17,0.63,the champs,Facebook,Tobit Cofax
Katinka,Isaksen,kisaksenq5@cmu.edu,2022-01-20,2021-09-14,0.11,the news,Insta,Katinka Isaksen
Shelba,Alleyn,salleynq6@cisco.com,2022-05-21,2021-12-22,0.16,the news,Referral,Shelba Alleyn
Celestina,Bazek,cbazekq7@wired.com,2022-05-26,2021-08-13,0.53,the news,Referral,Celestina Bazek
Burke,Grane,bgraneq9@ucsd.edu,2022-05-19,2022-01-13,0.9,the news,Influencer,Burke Grane
Hale,Tearle,htearleqa@newyorker.com,2022-03-19,2022-01-08,0.88,the bizness,Influencer,Hale Tearle
Georges,Arni,garniqb@1688.com,2022-01-25,2021-11-09,0.27,the bizness,Facebook,Georges Arni
Opalina,Keyme,okeymeqc@pinterest.com,2022-01-24,2022-05-09,0.51,the bizness,Influencer,Opalina Keyme
Emyle,Maybey,emaybeyqd@devhub.com,2021-08-18,2022-02-05,0.56,the bizness,Organic,Emyle Maybey
Ranique,Wimmers,rwimmersqe@uiuc.edu,2022-04-01,2022-01-30,0.61,the stories,Facebook,Ranique Wimmers
Clarette,Timmens,ctimmensqf@dion.ne.jp,2022-04-20,2022-01-04,0.58,the champs,Facebook,Clarette Timmens
Kittie,Peel,kpeelqg@pbs.org,2021-09-08,2022-02-19,0.97,the stories,Influencer,Kittie Peel
April,Schubuser,aschubuserqh@nba.com,2022-03-01,2021-10-24,0.15,the news,Organic,April Schubuser
Benny,Body,bbodyqi@who.int,2022-01-04,2021-08-06,0.5700000000000001,the news,Referral,Benny Body
Zara,Stembridge,zstembridgeqj@bloglovin.com,2021-10-30,2022-01-22,0.56,the news,Referral,Zara Stembridge
Liva,Halpine,lhalpineqk@reference.com,2021-08-23,2022-02-25,0.2,the bizness,Facebook,Liva Halpine
Ekaterina,Greydon,egreydonql@edublogs.org,2021-11-12,2022-06-27,0.92,the bizness,Influencer,Ekaterina Greydon
Dolph,Jurisch,djurischqm@webmd.com,2022-07-02,2021-09-21,0.61,the bizness,GoogleAds,Dolph Jurisch
Virgilio,Clement,vclementqn@slate.com,2021-10-23,2021-09-04,0.13,the news,GoogleAds,Virgilio Clement
Demetris,Grassick,dgrassickqo@sfgate.com,2022-02-16,2021-07-16,0.51,the news,Organic,Demetris Grassick
Perice,Benedtti,pbenedttiqp@google.nl,2022-09-06,2022-05-03,0.9,the champs,Referral,Perice Benedtti
Maddy,Nation,mnationqq@phpbb.com,2021-08-10,2021-08-16,0.05,the stories,Influencer,Maddy Nation
Ardeen,Aspden,aaspdenqr@dropbox.com,2021-08-10,2022-02-22,0.77,the bizness,Referral,Ardeen Aspden
Yvor,McNee,ymcneeqs@booking.com,2022-02-21,2022-05-01,0.21,the news,Facebook,Yvor McNee
Cazzie,Mabley,cmableyqt@liveinternet.ru,2021-10-18,2021-07-06,0.38,the bizness,Referral,Cazzie Mabley
Grantley,Cagan,gcaganqu@washington.edu,2022-02-27,2022-02-06,0.76,the champs,Facebook,Grantley Cagan
Lamond,Weild,lweildqv@theguardian.com,2022-01-16,2021-07-22,0.07,the champs,Organic,Lamond Weild
Clark,Slainey,cslaineyqw@forbes.com,2022-05-06,2022-04-06,0.68,the bizness,Facebook,Clark Slainey
Ana,Orneles,aornelesqx@intel.com,2022-03-28,2022-05-28,0.05,the bizness,Insta,Ana Orneles
Emyle,Tanzig,etanzigqy@aol.com,2021-07-15,2021-08-29,0.91,the champs,Facebook,Emyle Tanzig
Dewain,Blois,dbloisr0@simplemachines.org,2021-08-28,2021-12-17,0.1,the bizness,Facebook,Dewain Blois
Sallyanne,Waller,swallerr1@google.it,2021-08-10,2021-10-16,0.27,the bizness,Organic,Sallyanne Waller
Zared,Passby,zpassbyr2@amazon.com,2021-11-29,2021-10-18,0.8,the news,Influencer,Zared Passby
Celisse,Abrams,cabramsr3@163.com,2022-05-23,2022-02-14,0.72,the bizness,Referral,Celisse Abrams
Vinny,Jindrak,vjindrakr4@stanford.edu,2022-05-01,2022-03-25,0.1,the bizness,Referral,Vinny Jindrak
Carlota,Colhoun,ccolhounr5@twitpic.com,2022-05-04,2021-12-09,0.30000000000000004,the bizness,Referral,Carlota Colhoun
Henryetta,Cissen,hcissenr6@pagesperso-orange.fr,2022-09-01,2022-05-09,0.51,the stories,GoogleAds,Henryetta Cissen
Rori,Brayson,rbraysonr7@flavors.me,2021-08-18,2021-12-18,0.99,the champs,GoogleAds,Rori Brayson
Clair,Gunson,cgunsonr8@a8.net,2022-04-21,2021-11-16,0.16,the bizness,GoogleAds,Clair Gunson
Charyl,Karlowicz,ckarlowiczr9@xrea.com,2021-08-21,2021-10-31,0.49,the news,Insta,Charyl Karlowicz
Ross,Yakov,ryakovra@wufoo.com,2022-11-04,2021-12-26,0.13,the news,Referral,Ross Yakov
Leanor,Yeoland,lyeolandrb@nydailynews.com,2022-09-02,2022-06-27,0.21,the bizness,Organic,Leanor Yeoland
Wendi,Lowrey,wlowreyrc@ucsd.edu,2022-09-02,2021-10-15,0.26,the news,Influencer,Wendi Lowrey
Mendy,Kildale,mkildalerd@msu.edu,2022-04-24,2021-10-11,0.87,the news,Referral,Mendy Kildale
Erhard,Colliard,ecolliardre@quantcast.com,2021-07-19,2021-11-03,0.04,the news,Facebook,Erhard Colliard
Ulrika,Speek,uspeekrf@dropbox.com,2022-02-25,2021-10-16,0.91,the news,Insta,Ulrika Speek
Marylin,Faye,mfayerg@homestead.com,2021-12-17,2022-05-17,0.66,the champs,Influencer,Marylin Faye
Cecil,Ambrosini,cambrosiniri@paginegialle.it,2021-12-07,2022-01-24,0.22,the news,Facebook,Cecil Ambrosini
Eveleen,Heaseman,eheasemanrj@intel.com,2022-03-27,2022-02-02,0.76,the news,GoogleAds,Eveleen Heaseman
Abagael,Bousfield,abousfieldrk@loc.gov,2021-03-07,2022-01-06,0.33,the news,Organic,Abagael Bousfield
Debby,McKoy,dmckoyrl@wiley.com,2022-05-06,2022-04-19,0.72,the news,Organic,Debby McKoy
Emmery,Bursnoll,ebursnollrm@digg.com,2021-12-12,2022-01-02,0.15,the bizness,GoogleAds,Emmery Bursnoll
Ashla,Boulds,abouldsrn@army.mil,2021-01-09,2022-06-05,0.96,the champs,Facebook,Ashla Boulds
Manya,Sainthill,msainthillro@wikia.com,2022-01-27,2022-05-05,0.93,the news,Organic,Manya Sainthill
Dianna,Beardsell,dbeardsellrq@nih.gov,2022-06-24,2022-06-27,0.7000000000000001,the bizness,Insta,Dianna Beardsell
Kary,Catcherside,kcatchersiderr@mit.edu,2022-05-27,2021-09-16,0.8300000000000001,the bizness,Facebook,Kary Catcherside
